status,original_tokens_chars_div_4,final_tokens_chars_div_4,original_chars,final_chars,path
M,4765,112,19060,451,Contents/mods/ProjectHoomans/42.20/media/lua/client/PNC/Audio/PNC_NPCVoiceTriggers.lua
A,0,2576,0,10306,Contents/mods/ProjectHoomans/42.20/media/lua/client/PNC/Audio/PNC_NPCVoiceTriggers_Core.lua
A,0,1067,0,4269,Contents/mods/ProjectHoomans/42.20/media/lua/client/PNC/Audio/PNC_NPCVoiceTriggers_Observe.lua
A,0,892,0,3570,Contents/mods/ProjectHoomans/42.20/media/lua/client/PNC/Audio/PNC_NPCVoiceTriggers_Playback.lua
A,0,903,0,3614,Contents/mods/ProjectHoomans/42.20/media/lua/client/PNC/Audio/PNC_NPCVoiceTriggers_Terminal.lua
M,6859,3495,27437,13983,Contents/mods/ProjectHoomans/42.20/media/lua/client/PNC/Commands/PNC_CompanionCommandPresentation.lua
A,0,2563,0,10254,Contents/mods/ProjectHoomans/42.20/media/lua/client/PNC/Commands/PNC_CompanionCommandPresentation_PlayerEmoteResult.lua
A,0,1696,0,6785,Contents/mods/ProjectHoomans/42.20/media/lua/client/PNC/Commands/PNC_CompanionCommandPresentation_SocialGreeting.lua
M,1686,1660,6747,6640,Contents/mods/ProjectHoomans/42.20/media/lua/client/PNC/Compatibility/Mods/ProjectALife/PNC_ProjectALife_EventPresenter.lua
M,1476,1489,5907,5958,Contents/mods/ProjectHoomans/42.20/media/lua/client/PNC/Composition/PNC_ClientComposition.lua
M,201,358,807,1435,Contents/mods/ProjectHoomans/42.20/media/lua/client/PNC/Composition/PNC_ConversationRuntimeComposition.lua
M,2870,113,11481,454,Contents/mods/ProjectHoomans/42.20/media/lua/client/PNC/Conversation/Blocks/ConversationComposer/PNC_ConversationComposer_Gifts.lua
A,0,441,0,1764,Contents/mods/ProjectHoomans/42.20/media/lua/client/PNC/Conversation/Blocks/ConversationComposer/PNC_ConversationComposer_Gifts_Receive.lua
A,0,1063,0,4252,Contents/mods/ProjectHoomans/42.20/media/lua/client/PNC/Conversation/Blocks/ConversationComposer/PNC_ConversationComposer_Gifts_Receive_Context.lua
A,0,1976,0,7907,Contents/mods/ProjectHoomans/42.20/media/lua/client/PNC/Conversation/Blocks/ConversationComposer/PNC_ConversationComposer_Gifts_Receive_Presentation.lua
M,4143,1628,16573,6515,Contents/mods/ProjectHoomans/42.20/media/lua/client/PNC/Conversation/Blocks/ConversationComposer/PNC_ConversationComposer_Menu.lua
A,0,227,0,909,Contents/mods/ProjectHoomans/42.20/media/lua/client/PNC/Conversation/Blocks/ConversationComposer/PNC_ConversationComposer_Menu_Root.lua
A,0,1223,0,4893,Contents/mods/ProjectHoomans/42.20/media/lua/client/PNC/Conversation/Blocks/ConversationComposer/PNC_ConversationComposer_Menu_Root_Choices.lua
A,0,1178,0,4712,Contents/mods/ProjectHoomans/42.20/media/lua/client/PNC/Conversation/Blocks/ConversationComposer/PNC_ConversationComposer_Menu_Root_Choices_Companion.lua
M,2116,807,8467,3228,Contents/mods/ProjectHoomans/42.20/media/lua/client/PNC/Conversation/Blocks/ConversationComposer/PNC_ConversationComposer_Outcomes.lua
A,0,241,0,967,Contents/mods/ProjectHoomans/42.20/media/lua/client/PNC/Conversation/Blocks/ConversationComposer/PNC_ConversationComposer_Outcomes_Receive.lua
A,0,630,0,2521,Contents/mods/ProjectHoomans/42.20/media/lua/client/PNC/Conversation/Blocks/ConversationComposer/PNC_ConversationComposer_Outcomes_Receive_Context.lua
A,0,1075,0,4302,Contents/mods/ProjectHoomans/42.20/media/lua/client/PNC/Conversation/Blocks/ConversationComposer/PNC_ConversationComposer_Outcomes_Receive_Presentation.lua
M,1473,119,5894,477,Contents/mods/ProjectHoomans/42.20/media/lua/client/PNC/Conversation/Blocks/ConversationComposer/PNC_ConversationComposer_Recruitment.lua
A,0,200,0,800,Contents/mods/ProjectHoomans/42.20/media/lua/client/PNC/Conversation/Blocks/ConversationComposer/PNC_ConversationComposer_Recruitment_Receive.lua
A,0,715,0,2860,Contents/mods/ProjectHoomans/42.20/media/lua/client/PNC/Conversation/Blocks/ConversationComposer/PNC_ConversationComposer_Recruitment_Receive_Context.lua
A,0,924,0,3697,Contents/mods/ProjectHoomans/42.20/media/lua/client/PNC/Conversation/Blocks/ConversationComposer/PNC_ConversationComposer_Recruitment_Receive_Presentation.lua
M,5952,3014,23808,12057,Contents/mods/ProjectHoomans/42.20/media/lua/client/PNC/Conversation/Debug/PNC_ConversationDebugModel.lua
A,0,276,0,1104,Contents/mods/ProjectHoomans/42.20/media/lua/client/PNC/Conversation/Debug/PNC_ConversationDebugModel_Sandbox.lua
A,0,981,0,3926,Contents/mods/ProjectHoomans/42.20/media/lua/client/PNC/Conversation/Debug/PNC_ConversationDebugModel_Sandbox_Context.lua
A,0,691,0,2767,Contents/mods/ProjectHoomans/42.20/media/lua/client/PNC/Conversation/Debug/PNC_ConversationDebugModel_Sandbox_Definition.lua
A,0,257,0,1029,Contents/mods/ProjectHoomans/42.20/media/lua/client/PNC/Conversation/Debug/PNC_ConversationDebugModel_Sandbox_Graph.lua
A,0,688,0,2754,Contents/mods/ProjectHoomans/42.20/media/lua/client/PNC/Conversation/Debug/PNC_ConversationDebugModel_Sandbox_Graph_Blocks.lua
A,0,856,0,3427,Contents/mods/ProjectHoomans/42.20/media/lua/client/PNC/Conversation/Debug/PNC_ConversationDebugModel_Sandbox_Graph_Categories.lua
A,0,828,0,3313,Contents/mods/ProjectHoomans/42.20/media/lua/client/PNC/Conversation/Debug/PNC_ConversationDebugModel_Sandbox_Graph_Choices.lua
M,404,324,1619,1297,Contents/mods/ProjectHoomans/42.20/media/lua/client/PNC/Conversation/PNC_Conversation.lua
M,153,128,615,515,Contents/mods/ProjectHoomans/42.20/media/lua/client/PNC/Conversation/PNC_ConversationDefinition.lua
M,5696,188,22787,753,Contents/mods/ProjectHoomans/42.20/media/lua/client/PNC/Conversation/PNC_ConversationGroup.lua
A,0,538,0,2155,Contents/mods/ProjectHoomans/42.20/media/lua/client/PNC/Conversation/PNC_ConversationGroup_Addressing.lua
A,0,874,0,3497,Contents/mods/ProjectHoomans/42.20/media/lua/client/PNC/Conversation/PNC_ConversationGroup_Camp.lua
A,0,2255,0,9022,Contents/mods/ProjectHoomans/42.20/media/lua/client/PNC/Conversation/PNC_ConversationGroup_Core.lua
A,0,618,0,2473,Contents/mods/ProjectHoomans/42.20/media/lua/client/PNC/Conversation/PNC_ConversationGroup_Fanout.lua
A,0,893,0,3573,Contents/mods/ProjectHoomans/42.20/media/lua/client/PNC/Conversation/PNC_ConversationGroup_Fanout_MemberDispatch.lua
A,0,810,0,3241,Contents/mods/ProjectHoomans/42.20/media/lua/client/PNC/Conversation/PNC_ConversationGroup_Submit.lua
M,4000,2976,16000,11906,Contents/mods/ProjectHoomans/42.20/media/lua/client/PNC/Conversation/PNC_ConversationLifecycle.lua
A,0,209,0,839,Contents/mods/ProjectHoomans/42.20/media/lua/client/PNC/Conversation/PNC_ConversationLifecycle_Create.lua
A,0,487,0,1951,Contents/mods/ProjectHoomans/42.20/media/lua/client/PNC/Conversation/PNC_ConversationLifecycle_Create_Begin.lua
A,0,578,0,2313,Contents/mods/ProjectHoomans/42.20/media/lua/client/PNC/Conversation/PNC_ConversationLifecycle_Create_Finish.lua
A,0,506,0,2027,Contents/mods/ProjectHoomans/42.20/media/lua/client/PNC/Conversation/PNC_ConversationLifecycle_Create_Update.lua
M,5928,118,23715,472,Contents/mods/ProjectHoomans/42.20/media/lua/client/PNC/Conversation/PNC_SocialFlavorDefinitions.lua
A,0,222,0,889,Contents/mods/ProjectHoomans/42.20/media/lua/client/PNC/Conversation/PNC_SocialFlavorDefinitions_Core.lua
A,0,2218,0,8874,Contents/mods/ProjectHoomans/42.20/media/lua/client/PNC/Conversation/PNC_SocialFlavorDefinitions_GroupA.lua
A,0,887,0,3551,Contents/mods/ProjectHoomans/42.20/media/lua/client/PNC/Conversation/PNC_SocialFlavorDefinitions_GroupB.lua
A,0,2828,0,11313,Contents/mods/ProjectHoomans/42.20/media/lua/client/PNC/Conversation/PNC_SocialFlavorDefinitions_GroupC.lua
M,6808,117,27234,469,Contents/mods/ProjectHoomans/42.20/media/lua/client/PNC/Conversation/PNC_SocialFlavorPresentation.lua
A,0,1829,0,7317,Contents/mods/ProjectHoomans/42.20/media/lua/client/PNC/Conversation/PNC_SocialFlavorPresentation_Core.lua
A,0,876,0,3507,Contents/mods/ProjectHoomans/42.20/media/lua/client/PNC/Conversation/PNC_SocialFlavorPresentation_Delivery.lua
A,0,389,0,1559,Contents/mods/ProjectHoomans/42.20/media/lua/client/PNC/Conversation/PNC_SocialFlavorPresentation_Receive.lua
A,0,1686,0,6745,Contents/mods/ProjectHoomans/42.20/media/lua/client/PNC/Conversation/PNC_SocialFlavorPresentation_Receive_Context.lua
A,0,705,0,2822,Contents/mods/ProjectHoomans/42.20/media/lua/client/PNC/Conversation/PNC_SocialFlavorPresentation_Receive_Payload.lua
A,0,2470,0,9882,Contents/mods/ProjectHoomans/42.20/media/lua/client/PNC/Conversation/PNC_SocialFlavorPresentation_Speech.lua
M,9355,6278,37423,25113,Contents/mods/ProjectHoomans/42.20/media/lua/client/PNC/Debug/PNC_AnimationDebugPlayer.lua
A,0,1150,0,4600,Contents/mods/ProjectHoomans/42.20/media/lua/client/PNC/Debug/PNC_AnimationDebugPlayer_Conditions.lua
A,0,1181,0,4724,Contents/mods/ProjectHoomans/42.20/media/lua/client/PNC/Debug/PNC_AnimationDebugPlayer_Equipment.lua
A,0,1205,0,4822,Contents/mods/ProjectHoomans/42.20/media/lua/client/PNC/Debug/PNC_AnimationDebugPlayer_Track.lua
M,4094,474,16376,1898,Contents/mods/ProjectHoomans/42.20/media/lua/client/PNC/Integrations/PBrainZ/PNC_PBrainZ_ContextPayload.lua
A,0,3220,0,12880,Contents/mods/ProjectHoomans/42.20/media/lua/client/PNC/Integrations/PBrainZ/PNC_PBrainZ_ContextPayload_Build.lua
A,0,880,0,3523,Contents/mods/ProjectHoomans/42.20/media/lua/client/PNC/Integrations/PBrainZ/PNC_PBrainZ_ContextPayload_Helpers.lua
A,0,1490,0,5963,Contents/mods/ProjectHoomans/42.20/media/lua/client/PNC/Networking/ClientCommandRouter/PNC_ClientCommandRouter_CompanionCommandResult.lua
M,4345,1119,17382,4478,Contents/mods/ProjectHoomans/42.20/media/lua/client/PNC/Networking/ClientCommandRouter/PNC_ClientCommandRouter_InteractionResults.lua
M,4438,415,17754,1663,Contents/mods/ProjectHoomans/42.20/media/lua/client/PNC/Networking/ClientCommandRouter/PNC_ClientCommandRouter_Knowledge.lua
A,0,1730,0,6920,Contents/mods/ProjectHoomans/42.20/media/lua/client/PNC/Networking/ClientCommandRouter/PNC_ClientCommandRouter_KnowledgeBootstrap.lua
A,0,196,0,784,Contents/mods/ProjectHoomans/42.20/media/lua/client/PNC/Networking/ClientCommandRouter/PNC_ClientCommandRouter_KnowledgeDebug.lua
A,0,541,0,2167,Contents/mods/ProjectHoomans/42.20/media/lua/client/PNC/Networking/ClientCommandRouter/PNC_ClientCommandRouter_KnowledgeDisclosure.lua
A,0,251,0,1006,Contents/mods/ProjectHoomans/42.20/media/lua/client/PNC/Networking/ClientCommandRouter/PNC_ClientCommandRouter_KnowledgeMemory.lua
A,0,864,0,3459,Contents/mods/ProjectHoomans/42.20/media/lua/client/PNC/Networking/ClientCommandRouter/PNC_ClientCommandRouter_KnowledgePresentationState.lua
A,0,1224,0,4899,Contents/mods/ProjectHoomans/42.20/media/lua/client/PNC/Networking/ClientCommandRouter/PNC_ClientCommandRouter_KnowledgeState.lua
A,0,1080,0,4320,Contents/mods/ProjectHoomans/42.20/media/lua/client/PNC/Networking/ClientCommandRouter/PNC_ClientCommandRouter_LLMSocialReactionResult.lua
A,0,695,0,2782,Contents/mods/ProjectHoomans/42.20/media/lua/client/PNC/Networking/ClientCommandRouter/PNC_ClientCommandRouter_RelationshipResult.lua
M,2428,954,9714,3817,Contents/mods/ProjectHoomans/42.20/media/lua/client/PNC/Networking/ClientCommandRouter/PNC_ClientCommandRouter_SemanticIdentity.lua
A,0,1643,0,6575,Contents/mods/ProjectHoomans/42.20/media/lua/client/PNC/Networking/ClientCommandRouter/PNC_ClientCommandRouter_SemanticIdentityResult.lua
M,482,502,1929,2011,Contents/mods/ProjectHoomans/42.20/media/lua/client/PNC/Networking/ClientCommandRouter/PNC_ClientCommandRouter_Semantics.lua
M,4687,3043,18751,12173,Contents/mods/ProjectHoomans/42.20/media/lua/client/PNC/Networking/PNC_ClientInventoryCommands.lua
A,0,976,0,3907,Contents/mods/ProjectHoomans/42.20/media/lua/client/PNC/Networking/PNC_ClientInventoryCommands_Delta.lua
A,0,950,0,3802,Contents/mods/ProjectHoomans/42.20/media/lua/client/PNC/Networking/PNC_ClientInventoryCommands_DeltaOperations.lua
M,4589,87,18356,348,Contents/mods/ProjectHoomans/42.20/media/lua/client/PNC/Networking/PNC_ClientRosterCommands.lua
A,0,1466,0,5864,Contents/mods/ProjectHoomans/42.20/media/lua/client/PNC/Networking/PNC_ClientRosterCommands_Deltas.lua
A,0,1879,0,7516,Contents/mods/ProjectHoomans/42.20/media/lua/client/PNC/Networking/PNC_ClientRosterCommands_Snapshots.lua
A,0,1586,0,6347,Contents/mods/ProjectHoomans/42.20/media/lua/client/PNC/Networking/PNC_ClientRosterCommands_Sync.lua
M,11043,2097,44173,8391,Contents/mods/ProjectHoomans/42.20/media/lua/client/PNC/PNC_ClientFirearmEffects.lua
A,0,1041,0,4164,Contents/mods/ProjectHoomans/42.20/media/lua/client/PNC/PNC_ClientFirearmEffects_AudioVisual.lua
A,0,90,0,362,Contents/mods/ProjectHoomans/42.20/media/lua/client/PNC/PNC_ClientFirearmEffects_Lifecycle.lua
A,0,1592,0,6370,Contents/mods/ProjectHoomans/42.20/media/lua/client/PNC/PNC_ClientFirearmEffects_Play.lua
A,0,1209,0,4838,Contents/mods/ProjectHoomans/42.20/media/lua/client/PNC/PNC_ClientFirearmEffects_ProjectileQueue.lua
A,0,1621,0,6485,Contents/mods/ProjectHoomans/42.20/media/lua/client/PNC/PNC_ClientFirearmEffects_Resolution.lua
A,0,2079,0,8319,Contents/mods/ProjectHoomans/42.20/media/lua/client/PNC/PNC_ClientFirearmEffects_ScreenGeometry.lua
A,0,836,0,3345,Contents/mods/ProjectHoomans/42.20/media/lua/client/PNC/PNC_ClientFirearmEffects_Simulation.lua
A,0,2269,0,9079,Contents/mods/ProjectHoomans/42.20/media/lua/client/PNC/PNC_ClientFirearmEffects_UIDraw.lua
M,4375,273,17503,1092,Contents/mods/ProjectHoomans/42.20/media/lua/client/PNC/PresenceSync/PNC_ClientZombieAggroController.lua
M,4121,117,16486,471,Contents/mods/ProjectHoomans/42.20/media/lua/client/PNC/PresenceSync/PNC_ClientZombieAggroController_BodyEffects.lua
A,0,3468,0,13872,Contents/mods/ProjectHoomans/42.20/media/lua/client/PNC/PresenceSync/PNC_ClientZombieAggroController_BodyEffects_Pursuit.lua
A,0,1046,0,4185,Contents/mods/ProjectHoomans/42.20/media/lua/client/PNC/PresenceSync/PNC_ClientZombieAggroController_BodyEffects_Safety.lua
A,0,1724,0,6897,Contents/mods/ProjectHoomans/42.20/media/lua/client/PNC/PresenceSync/PNC_ClientZombieAggroController_Targeting.lua
A,0,2854,0,11416,Contents/mods/ProjectHoomans/42.20/media/lua/client/PNC/PresenceSync/PNC_ClientZombieAggroController_Update.lua
M,1330,1307,5320,5228,Contents/mods/ProjectHoomans/42.20/media/lua/client/PNC/Scavenge/PNC_ScavengeController.lua
M,2340,2450,9363,9801,Contents/mods/ProjectHoomans/42.20/media/lua/client/PNC/Semantics/PNC_SemanticDialogueInput_Presentation.lua
M,4202,201,16808,805,Contents/mods/ProjectHoomans/42.20/media/lua/client/PNC/Semantics/PNC_SemanticTelemetryPrompt.lua
A,0,847,0,3389,Contents/mods/ProjectHoomans/42.20/media/lua/client/PNC/Semantics/PNC_SemanticTelemetryPrompt_Queue.lua
A,0,3374,0,13499,Contents/mods/ProjectHoomans/42.20/media/lua/client/PNC/Semantics/PNC_SemanticTelemetryPrompt_Window.lua
M,1467,1490,5869,5962,Contents/mods/ProjectHoomans/42.20/media/lua/client/PNC/Semantics/PNC_SemanticTelemetryStorage.lua
M,10444,136,41777,547,Contents/mods/ProjectHoomans/42.20/media/lua/client/PNC/UI/Base/PNC_BaseBuildingCatalog.lua
A,0,1151,0,4606,Contents/mods/ProjectHoomans/42.20/media/lua/client/PNC/UI/Base/PNC_BaseBuildingCatalog_Api.lua
A,0,1882,0,7528,Contents/mods/ProjectHoomans/42.20/media/lua/client/PNC/UI/Base/PNC_BaseBuildingCatalog_Catalog.lua
A,0,3813,0,15252,Contents/mods/ProjectHoomans/42.20/media/lua/client/PNC/UI/Base/PNC_BaseBuildingCatalog_Core.lua
A,0,1689,0,6756,Contents/mods/ProjectHoomans/42.20/media/lua/client/PNC/UI/Base/PNC_BaseBuildingCatalog_Layout.lua
A,0,1450,0,5803,Contents/mods/ProjectHoomans/42.20/media/lua/client/PNC/UI/Base/PNC_BaseBuildingCatalog_Preview.lua
A,0,1480,0,5923,Contents/mods/ProjectHoomans/42.20/media/lua/client/PNC/UI/Base/PNC_BaseBuildingCatalog_Recipes.lua
M,2538,207,10153,829,Contents/mods/ProjectHoomans/42.20/media/lua/client/PNC/UI/Base/PNC_BaseBuildingLayout.lua
A,0,1970,0,7880,Contents/mods/ProjectHoomans/42.20/media/lua/client/PNC/UI/Base/PNC_BaseBuildingLayout_Controls.lua
A,0,717,0,2868,Contents/mods/ProjectHoomans/42.20/media/lua/client/PNC/UI/Base/PNC_BaseBuildingLayout_Panes.lua
M,7034,3118,28136,12474,Contents/mods/ProjectHoomans/42.20/media/lua/client/PNC/UI/Base/PNC_BaseBuildingPlacement.lua
A,0,1336,0,5346,Contents/mods/ProjectHoomans/42.20/media/lua/client/PNC/UI/Base/PNC_BaseBuildingPlacement_Begin.lua
A,0,1014,0,4058,Contents/mods/ProjectHoomans/42.20/media/lua/client/PNC/UI/Base/PNC_BaseBuildingPlacement_BeginCallbacks.lua
A,0,2018,0,8073,Contents/mods/ProjectHoomans/42.20/media/lua/client/PNC/UI/Base/PNC_BaseBuildingPlacement_Cursor.lua
M,1967,1937,7870,7751,Contents/mods/ProjectHoomans/42.20/media/lua/client/PNC/UI/Base/PNC_BaseWindow.lua
M,7654,191,30618,766,Contents/mods/ProjectHoomans/42.20/media/lua/client/PNC/UI/CharacterWindow/PNC_CharacterWindow_Health.lua
A,0,1671,0,6687,Contents/mods/ProjectHoomans/42.20/media/lua/client/PNC/UI/CharacterWindow/PNC_CharacterWindow_Health_Body.lua
A,0,1935,0,7741,Contents/mods/ProjectHoomans/42.20/media/lua/client/PNC/UI/CharacterWindow/PNC_CharacterWindow_Health_Debug.lua
A,0,2786,0,11145,Contents/mods/ProjectHoomans/42.20/media/lua/client/PNC/UI/CharacterWindow/PNC_CharacterWindow_Health_Details.lua
A,0,1129,0,4518,Contents/mods/ProjectHoomans/42.20/media/lua/client/PNC/UI/CharacterWindow/PNC_CharacterWindow_Health_Render.lua
M,2541,2681,10167,10724,Contents/mods/ProjectHoomans/42.20/media/lua/client/PNC/UI/CharacterWindow/PNC_CharacterWindow_Interactions.lua
M,7334,117,29336,469,Contents/mods/ProjectHoomans/42.20/media/lua/client/PNC/UI/CharacterWindow/PNC_CharacterWindow_Shared.lua
A,0,1085,0,4340,Contents/mods/ProjectHoomans/42.20/media/lua/client/PNC/UI/CharacterWindow/PNC_CharacterWindow_Shared_Activity.lua
A,0,2151,0,8604,Contents/mods/ProjectHoomans/42.20/media/lua/client/PNC/UI/CharacterWindow/PNC_CharacterWindow_Shared_Clothing.lua
A,0,2643,0,10573,Contents/mods/ProjectHoomans/42.20/media/lua/client/PNC/UI/CharacterWindow/PNC_CharacterWindow_Shared_Core.lua
A,0,568,0,2272,Contents/mods/ProjectHoomans/42.20/media/lua/client/PNC/UI/CharacterWindow/PNC_CharacterWindow_Shared_Data.lua
A,0,1309,0,5236,Contents/mods/ProjectHoomans/42.20/media/lua/client/PNC/UI/CharacterWindow/PNC_CharacterWindow_Shared_Render.lua
M,7048,51,28192,205,Contents/mods/ProjectHoomans/42.20/media/lua/client/PNC/UI/Colonist/PNC_ColonistActivities.lua
A,0,2243,0,8974,Contents/mods/ProjectHoomans/42.20/media/lua/client/PNC/UI/Colonist/PNC_ColonistActivities_Actions.lua
A,0,3812,0,15251,Contents/mods/ProjectHoomans/42.20/media/lua/client/PNC/UI/Colonist/PNC_ColonistActivities_Core.lua
A,0,1533,0,6132,Contents/mods/ProjectHoomans/42.20/media/lua/client/PNC/UI/Colonist/PNC_ColonistActivities_Layout.lua
M,2975,2976,11900,11905,Contents/mods/ProjectHoomans/42.20/media/lua/client/PNC/UI/Colonist/PNC_ColonistController.lua
M,828,830,3315,3320,Contents/mods/ProjectHoomans/42.20/media/lua/client/PNC/UI/Colonist/PNC_ColonistTabs.lua
M,4576,2812,18305,11248,Contents/mods/ProjectHoomans/42.20/media/lua/client/PNC/UI/CommandHub/PNC_CommandHub_ChildController.lua
A,0,2263,0,9052,Contents/mods/ProjectHoomans/42.20/media/lua/client/PNC/UI/CommandHub/PNC_CommandHub_ChildController_Branches.lua
M,5883,196,23535,784,Contents/mods/ProjectHoomans/42.20/media/lua/client/PNC/UI/CommandHub/PNC_CommandHub_Registry.lua
A,0,2475,0,9900,Contents/mods/ProjectHoomans/42.20/media/lua/client/PNC/UI/CommandHub/PNC_CommandHub_Registry_Actions.lua
A,0,2165,0,8663,Contents/mods/ProjectHoomans/42.20/media/lua/client/PNC/UI/CommandHub/PNC_CommandHub_Registry_Categories.lua
A,0,1887,0,7550,Contents/mods/ProjectHoomans/42.20/media/lua/client/PNC/UI/CommandHub/PNC_CommandHub_Registry_Gates.lua
M,5603,3921,22413,15687,Contents/mods/ProjectHoomans/42.20/media/lua/client/PNC/UI/CommandHub/PNC_CommandHub_SettingsWindow.lua
A,0,1336,0,5345,Contents/mods/ProjectHoomans/42.20/media/lua/client/PNC/UI/CommandHub/PNC_CommandHub_SettingsWindow_Actions.lua
M,4340,3569,17363,14277,Contents/mods/ProjectHoomans/42.20/media/lua/client/PNC/UI/CommandHub/PNC_CommandHub_ZoneWindow.lua
A,0,1066,0,4264,Contents/mods/ProjectHoomans/42.20/media/lua/client/PNC/UI/CommandHub/PNC_CommandHub_ZoneWindow_Service.lua
R100,3166,3166,12665,12665,Contents/mods/ProjectHoomans/42.20/media/lua/client/PNC/UI/Communities/PNC_ColonyPresentation.lua
M,2833,2936,11334,11744,Contents/mods/ProjectHoomans/42.20/media/lua/client/PNC/UI/Communities/PNC_CommunityDebugModel.lua
M,4269,612,17079,2451,Contents/mods/ProjectHoomans/42.20/media/lua/client/PNC/UI/Communities/PNC_CommunityDebugWindow.lua
A,0,763,0,3052,Contents/mods/ProjectHoomans/42.20/media/lua/client/PNC/UI/Communities/PNC_CommunityDebugWindow_Actions.lua
A,0,2161,0,8647,Contents/mods/ProjectHoomans/42.20/media/lua/client/PNC/UI/Communities/PNC_CommunityDebugWindow_Core.lua
A,0,1433,0,5733,Contents/mods/ProjectHoomans/42.20/media/lua/client/PNC/UI/Communities/PNC_CommunityDebugWindow_Lifecycle.lua
M,2938,3271,11755,13087,Contents/mods/ProjectHoomans/42.20/media/lua/client/PNC/UI/Context/Providers/PNC_ContextProvider_Debug.lua
M,5263,98,21054,393,Contents/mods/ProjectHoomans/42.20/media/lua/client/PNC/UI/Director/PNC_DirectorDebugModel.lua
A,0,534,0,2136,Contents/mods/ProjectHoomans/42.20/media/lua/client/PNC/UI/Director/PNC_DirectorDebugModel_Core.lua
A,0,974,0,3898,Contents/mods/ProjectHoomans/42.20/media/lua/client/PNC/UI/Director/PNC_DirectorDebugModel_Detail.lua
A,0,2678,0,10713,Contents/mods/ProjectHoomans/42.20/media/lua/client/PNC/UI/Director/PNC_DirectorDebugModel_Groups.lua
A,0,1632,0,6528,Contents/mods/ProjectHoomans/42.20/media/lua/client/PNC/UI/Director/PNC_DirectorDebugModel_Summary.lua
M,4220,378,16882,1513,Contents/mods/ProjectHoomans/42.20/media/lua/client/PNC/UI/Factions/PNC_FactionMemberWindow.lua
A,0,880,0,3520,Contents/mods/ProjectHoomans/42.20/media/lua/client/PNC/UI/Factions/PNC_FactionMemberWindow_Actions.lua
A,0,1955,0,7820,Contents/mods/ProjectHoomans/42.20/media/lua/client/PNC/UI/Factions/PNC_FactionMemberWindow_Core.lua
A,0,1520,0,6083,Contents/mods/ProjectHoomans/42.20/media/lua/client/PNC/UI/Factions/PNC_FactionMemberWindow_Lifecycle.lua
M,1593,1719,6372,6876,Contents/mods/ProjectHoomans/42.20/media/lua/client/PNC/UI/Inventory/InventoryWindow/_Presentation.lua
M,2655,2825,10622,11303,Contents/mods/ProjectHoomans/42.20/media/lua/client/PNC/UI/Inventory/InventoryWindow/_Refresh.lua
M,136,129,544,517,Contents/mods/ProjectHoomans/42.20/media/lua/client/PNC/UI/Inventory/PNC_InventoryTransferEndpoint.lua
M,1330,1426,5322,5707,Contents/mods/ProjectHoomans/42.20/media/lua/client/PNC/UI/Inventory/PNC_InventoryTransferEndpoint/_LocalDraft.lua
M,571,564,2285,2258,Contents/mods/ProjectHoomans/42.20/media/lua/client/PNC/UI/Inventory/PNC_InventoryUI_CoreTooltipOptions.lua
M,135,129,543,516,Contents/mods/ProjectHoomans/42.20/media/lua/client/PNC/UI/Inventory/PNC_InventoryUI_Model.lua
M,2452,2476,9811,9907,Contents/mods/ProjectHoomans/42.20/media/lua/client/PNC/UI/Map/Layers/PNC_MapLayer_AbstractGroups.lua
M,4648,137,18592,551,Contents/mods/ProjectHoomans/42.20/media/lua/client/PNC/UI/Map/Layers/PNC_MapLayer_Communities.lua
A,0,915,0,3660,Contents/mods/ProjectHoomans/42.20/media/lua/client/PNC/UI/Map/Layers/PNC_MapLayer_Communities_Claims.lua
A,0,2220,0,8880,Contents/mods/ProjectHoomans/42.20/media/lua/client/PNC/UI/Map/Layers/PNC_MapLayer_Communities_Core.lua
A,0,2021,0,8086,Contents/mods/ProjectHoomans/42.20/media/lua/client/PNC/UI/Map/Layers/PNC_MapLayer_Communities_Render.lua
M,2875,2972,11501,11889,Contents/mods/ProjectHoomans/42.20/media/lua/client/PNC/UI/Map/Layers/PNC_MapLayer_Travel.lua
M,5676,79,22704,318,Contents/mods/ProjectHoomans/42.20/media/lua/client/PNC/UI/Map/PNC_MapCommandRegistry.lua
A,0,517,0,2071,Contents/mods/ProjectHoomans/42.20/media/lua/client/PNC/UI/Map/PNC_MapCommandRegistry_Context.lua
A,0,3303,0,13212,Contents/mods/ProjectHoomans/42.20/media/lua/client/PNC/UI/Map/PNC_MapCommandRegistry_Core.lua
A,0,2098,0,8395,Contents/mods/ProjectHoomans/42.20/media/lua/client/PNC/UI/Map/PNC_MapCommandRegistry_Render.lua
A,0,1900,0,7602,Contents/mods/ProjectHoomans/42.20/media/lua/client/PNC/UI/NPCMonitor/PNC_NPCMonitor_Actions.lua
A,0,1138,0,4555,Contents/mods/ProjectHoomans/42.20/media/lua/client/PNC/UI/NPCMonitor/PNC_NPCMonitor_Core.lua
A,0,1907,0,7630,Contents/mods/ProjectHoomans/42.20/media/lua/client/PNC/UI/NPCMonitor/PNC_NPCMonitor_Runtime.lua
M,4098,3875,16395,15503,Contents/mods/ProjectHoomans/42.20/media/lua/client/PNC/UI/Nameplates/NameplateRenderer/PNC_NameplateRenderer_CombatDebug.lua
A,0,468,0,1873,Contents/mods/ProjectHoomans/42.20/media/lua/client/PNC/UI/Nameplates/NameplateRenderer/PNC_NameplateRenderer_CombatDebug_Render.lua
M,4552,62,18210,248,Contents/mods/ProjectHoomans/42.20/media/lua/client/PNC/UI/Nameplates/NameplateRenderer/PNC_NameplateRenderer_Core.lua
A,0,3201,0,12804,Contents/mods/ProjectHoomans/42.20/media/lua/client/PNC/UI/Nameplates/NameplateRenderer/PNC_NameplateRenderer_Core_Bars.lua
A,0,2081,0,8327,Contents/mods/ProjectHoomans/42.20/media/lua/client/PNC/UI/Nameplates/NameplateRenderer/PNC_NameplateRenderer_Core_Live.lua
M,3926,3988,15705,15955,Contents/mods/ProjectHoomans/42.20/media/lua/client/PNC/UI/Nameplates/NameplateRenderer/PNC_NameplateRenderer_DebugText.lua
M,1202,1332,4808,5330,Contents/mods/ProjectHoomans/42.20/media/lua/client/PNC/UI/Nameplates/NameplateRenderer/PNC_NameplateRenderer_PathDebug.lua
M,2657,2961,10630,11844,Contents/mods/ProjectHoomans/42.20/media/lua/client/PNC/UI/Nameplates/NameplateRenderer/PNC_NameplateRenderer_ZombieDebug.lua
M,5119,62,20476,249,Contents/mods/ProjectHoomans/42.20/media/lua/client/PNC/UI/Nameplates/PNC_NameplateDebug.lua
A,0,2230,0,8922,Contents/mods/ProjectHoomans/42.20/media/lua/client/PNC/UI/Nameplates/PNC_NameplateDebug_Core.lua
A,0,1306,0,5227,Contents/mods/ProjectHoomans/42.20/media/lua/client/PNC/UI/Nameplates/PNC_NameplateDebug_Runtime.lua
A,0,1674,0,6699,Contents/mods/ProjectHoomans/42.20/media/lua/client/PNC/UI/Nameplates/PNC_NameplateDebug_Text.lua
M,4592,116,18371,467,Contents/mods/ProjectHoomans/42.20/media/lua/client/PNC/UI/Nameplates/PNC_NameplateEntries.lua
A,0,1854,0,7416,Contents/mods/ProjectHoomans/42.20/media/lua/client/PNC/UI/Nameplates/PNC_NameplateEntries_Debug.lua
A,0,1899,0,7599,Contents/mods/ProjectHoomans/42.20/media/lua/client/PNC/UI/Nameplates/PNC_NameplateEntries_Metrics.lua
A,0,1374,0,5497,Contents/mods/ProjectHoomans/42.20/media/lua/client/PNC/UI/Nameplates/PNC_NameplateEntries_Refresh.lua
M,5997,86,23991,347,Contents/mods/ProjectHoomans/42.20/media/lua/client/PNC/UI/Nameplates/PNC_NameplateFirearmAnchor.lua
A,0,2383,0,9534,Contents/mods/ProjectHoomans/42.20/media/lua/client/PNC/UI/Nameplates/PNC_NameplateFirearmAnchor_Core.lua
A,0,2882,0,11531,Contents/mods/ProjectHoomans/42.20/media/lua/client/PNC/UI/Nameplates/PNC_NameplateFirearmAnchor_Projection.lua
A,0,1267,0,5069,Contents/mods/ProjectHoomans/42.20/media/lua/client/PNC/UI/Nameplates/PNC_NameplateFirearmAnchor_Render.lua
M,4583,218,18333,872,Contents/mods/ProjectHoomans/42.20/media/lua/client/PNC/UI/Nameplates/PNC_NameplatePresentation.lua
A,0,2025,0,8100,Contents/mods/ProjectHoomans/42.20/media/lua/client/PNC/UI/Nameplates/PNC_NameplatePresentation_Actions.lua
A,0,1576,0,6305,Contents/mods/ProjectHoomans/42.20/media/lua/client/PNC/UI/Nameplates/PNC_NameplatePresentation_Core.lua
A,0,1139,0,4557,Contents/mods/ProjectHoomans/42.20/media/lua/client/PNC/UI/Nameplates/PNC_NameplatePresentation_Display.lua
M,4519,70,18076,281,Contents/mods/ProjectHoomans/42.20/media/lua/client/PNC/UI/Needs/PNC_NeedsDebugWindow.lua
A,0,998,0,3993,Contents/mods/ProjectHoomans/42.20/media/lua/client/PNC/UI/Needs/PNC_NeedsDebugWindow_Actions.lua
A,0,3083,0,12332,Contents/mods/ProjectHoomans/42.20/media/lua/client/PNC/UI/Needs/PNC_NeedsDebugWindow_Core.lua
A,0,470,0,1883,Contents/mods/ProjectHoomans/42.20/media/lua/client/PNC/UI/Needs/PNC_NeedsDebugWindow_Lifecycle.lua
M,4702,199,18810,799,Contents/mods/ProjectHoomans/42.20/media/lua/client/PNC/UI/PNC_AnimationSceneDebugWindow.lua
A,0,1437,0,5750,Contents/mods/ProjectHoomans/42.20/media/lua/client/PNC/UI/PNC_AnimationSceneDebugWindow_Actions.lua
A,0,720,0,2881,Contents/mods/ProjectHoomans/42.20/media/lua/client/PNC/UI/PNC_AnimationSceneDebugWindow_Catalog.lua
A,0,1362,0,5450,Contents/mods/ProjectHoomans/42.20/media/lua/client/PNC/UI/PNC_AnimationSceneDebugWindow_Core.lua
A,0,1453,0,5814,Contents/mods/ProjectHoomans/42.20/media/lua/client/PNC/UI/PNC_AnimationSceneDebugWindow_Details.lua
M,5929,121,23716,487,Contents/mods/ProjectHoomans/42.20/media/lua/client/PNC/UI/PNC_AudioDebugWindow.lua
A,0,1534,0,6139,Contents/mods/ProjectHoomans/42.20/media/lua/client/PNC/UI/PNC_AudioDebugWindow_Core.lua
A,0,2377,0,9509,Contents/mods/ProjectHoomans/42.20/media/lua/client/PNC/UI/PNC_AudioDebugWindow_Dialogue.lua
A,0,1408,0,5635,Contents/mods/ProjectHoomans/42.20/media/lua/client/PNC/UI/PNC_AudioDebugWindow_SFX.lua
A,0,998,0,3992,Contents/mods/ProjectHoomans/42.20/media/lua/client/PNC/UI/PNC_AudioDebugWindow_Window.lua
M,4985,174,19940,697,Contents/mods/ProjectHoomans/42.20/media/lua/client/PNC/UI/PNC_NPCMonitor.lua
M,4594,364,18378,1456,Contents/mods/ProjectHoomans/42.20/media/lua/client/PNC/UI/PNC_Nameplates.lua
A,0,362,0,1449,Contents/mods/ProjectHoomans/42.20/media/lua/client/PNC/UI/PNC_Nameplates_Lifecycle.lua
A,0,335,0,1343,Contents/mods/ProjectHoomans/42.20/media/lua/client/PNC/UI/PNC_Nameplates_Manager.lua
A,0,491,0,1964,Contents/mods/ProjectHoomans/42.20/media/lua/client/PNC/UI/PNC_Nameplates_OverlayCatalog.lua
A,0,1579,0,6318,Contents/mods/ProjectHoomans/42.20/media/lua/client/PNC/UI/PNC_Nameplates_OverlayToggles.lua
A,0,894,0,3578,Contents/mods/ProjectHoomans/42.20/media/lua/client/PNC/UI/PNC_Nameplates_Settings.lua
M,6380,143,25520,575,Contents/mods/ProjectHoomans/42.20/media/lua/client/PNC/UI/PNC_PlayerAnimationDebugWindow.lua
A,0,3071,0,12284,Contents/mods/ProjectHoomans/42.20/media/lua/client/PNC/UI/PNC_PlayerAnimationDebugWindow_Core.lua
A,0,1530,0,6123,Contents/mods/ProjectHoomans/42.20/media/lua/client/PNC/UI/PNC_PlayerAnimationDebugWindow_Detail.lua
A,0,650,0,2600,Contents/mods/ProjectHoomans/42.20/media/lua/client/PNC/UI/PNC_PlayerAnimationDebugWindow_Lifecycle.lua
A,0,1507,0,6028,Contents/mods/ProjectHoomans/42.20/media/lua/client/PNC/UI/PNC_PlayerAnimationDebugWindow_Setup.lua
M,4167,501,16671,2006,Contents/mods/ProjectHoomans/42.20/media/lua/client/PNC/UI/PerceptionDebug/PNC_PerceptionDebug_Window.lua
A,0,311,0,1244,Contents/mods/ProjectHoomans/42.20/media/lua/client/PNC/UI/PerceptionDebug/PNC_PerceptionDebug_Window_Actions.lua
A,0,2952,0,11810,Contents/mods/ProjectHoomans/42.20/media/lua/client/PNC/UI/PerceptionDebug/PNC_PerceptionDebug_Window_Core.lua
A,0,1208,0,4835,Contents/mods/ProjectHoomans/42.20/media/lua/client/PNC/UI/PerceptionDebug/PNC_PerceptionDebug_Window_Lifecycle.lua
M,6725,71,26903,286,Contents/mods/ProjectHoomans/42.20/media/lua/client/PNC/UI/Relationships/PNC_RelationshipDebugModel.lua
A,0,2651,0,10604,Contents/mods/ProjectHoomans/42.20/media/lua/client/PNC/UI/Relationships/PNC_RelationshipDebugModel_Core.lua
A,0,1381,0,5526,Contents/mods/ProjectHoomans/42.20/media/lua/client/PNC/UI/Relationships/PNC_RelationshipDebugModel_Detail.lua
A,0,2167,0,8671,Contents/mods/ProjectHoomans/42.20/media/lua/client/PNC/UI/Relationships/PNC_RelationshipDebugModel_Identity.lua
A,0,1365,0,5461,Contents/mods/ProjectHoomans/42.20/media/lua/client/PNC/UI/Relationships/PNC_RelationshipDebugModel_Rows.lua
M,6543,94,26173,377,Contents/mods/ProjectHoomans/42.20/media/lua/client/PNC/UI/Relationships/PNC_RelationshipDebugWindow.lua
A,0,2248,0,8993,Contents/mods/ProjectHoomans/42.20/media/lua/client/PNC/UI/Relationships/PNC_RelationshipDebugWindow_Behavior.lua
A,0,1462,0,5850,Contents/mods/ProjectHoomans/42.20/media/lua/client/PNC/UI/Relationships/PNC_RelationshipDebugWindow_Controls.lua
A,0,1663,0,6655,Contents/mods/ProjectHoomans/42.20/media/lua/client/PNC/UI/Relationships/PNC_RelationshipDebugWindow_Core.lua
A,0,1490,0,5960,Contents/mods/ProjectHoomans/42.20/media/lua/client/PNC/UI/Relationships/PNC_RelationshipDebugWindow_Render.lua
M,3895,3622,15580,14489,Contents/mods/ProjectHoomans/42.20/media/lua/client/PNC/UI/Relationships/PNC_RelationshipGraphPanel.lua
A,0,532,0,2130,Contents/mods/ProjectHoomans/42.20/media/lua/client/PNC/UI/Relationships/PNC_RelationshipGraphPanel_Render.lua
M,8317,1432,33270,5729,Contents/mods/ProjectHoomans/42.20/media/lua/client/PNC/UI/Scavenge/PNC_ScavengeWindow.lua
A,0,762,0,3051,Contents/mods/ProjectHoomans/42.20/media/lua/client/PNC/UI/Scavenge/PNC_ScavengeWindow_Actions.lua
A,0,628,0,2512,Contents/mods/ProjectHoomans/42.20/media/lua/client/PNC/UI/Scavenge/PNC_ScavengeWindow_Lifecycle.lua
A,0,1629,0,6518,Contents/mods/ProjectHoomans/42.20/media/lua/client/PNC/UI/Scavenge/PNC_ScavengeWindow_Manifest.lua
A,0,502,0,2011,Contents/mods/ProjectHoomans/42.20/media/lua/client/PNC/UI/Scavenge/PNC_ScavengeWindow_Render.lua
A,0,2039,0,8157,Contents/mods/ProjectHoomans/42.20/media/lua/client/PNC/UI/Scavenge/PNC_ScavengeWindow_Status.lua
A,0,1859,0,7437,Contents/mods/ProjectHoomans/42.20/media/lua/client/PNC/UI/Scavenge/PNC_ScavengeWindow_View.lua
M,6538,189,26155,758,Contents/mods/ProjectHoomans/42.20/media/lua/client/PNC/UI/SettlementManagement/PNC_SettlementLayoutOverlay.lua
A,0,3048,0,12192,Contents/mods/ProjectHoomans/42.20/media/lua/client/PNC/UI/SettlementManagement/PNC_SettlementLayoutOverlay_Core.lua
A,0,2422,0,9691,Contents/mods/ProjectHoomans/42.20/media/lua/client/PNC/UI/SettlementManagement/PNC_SettlementLayoutOverlay_Model.lua
A,0,1529,0,6118,Contents/mods/ProjectHoomans/42.20/media/lua/client/PNC/UI/SettlementManagement/PNC_SettlementLayoutOverlay_Render.lua
M,4484,656,17936,2624,Contents/mods/ProjectHoomans/42.20/media/lua/client/PNC/UI/SettlementManagement/PNC_SettlementManagement_FacilityActions.lua
A,0,875,0,3500,Contents/mods/ProjectHoomans/42.20/media/lua/client/PNC/UI/SettlementManagement/PNC_SettlementManagement_FacilityActions_Anchors.lua
A,0,1554,0,6219,Contents/mods/ProjectHoomans/42.20/media/lua/client/PNC/UI/SettlementManagement/PNC_SettlementManagement_FacilityActions_Area.lua
A,0,1886,0,7545,Contents/mods/ProjectHoomans/42.20/media/lua/client/PNC/UI/SettlementManagement/PNC_SettlementManagement_FacilityActions_Build.lua
A,0,3146,0,12584,Contents/mods/ProjectHoomans/42.20/media/lua/client/PNC/UI/SettlementManagement/PNC_SettlementManagement_FacilityBuildCard.lua
A,0,3494,0,13976,Contents/mods/ProjectHoomans/42.20/media/lua/client/PNC/UI/SettlementManagement/PNC_SettlementManagement_FacilityBuildCatalog.lua
A,0,1469,0,5877,Contents/mods/ProjectHoomans/42.20/media/lua/client/PNC/UI/SettlementManagement/PNC_SettlementManagement_FacilityBuildInteraction.lua
M,11176,788,44707,3154,Contents/mods/ProjectHoomans/42.20/media/lua/client/PNC/UI/SettlementManagement/PNC_SettlementManagement_FacilityBuildModal.lua
A,0,3452,0,13810,Contents/mods/ProjectHoomans/42.20/media/lua/client/PNC/UI/SettlementManagement/PNC_SettlementManagement_FacilityBuildPresentation.lua
M,3450,3386,13800,13544,Contents/mods/ProjectHoomans/42.20/media/lua/client/PNC/UI/SettlementManagement/PNC_SettlementManagement_FacilityComponentRows.lua
M,3024,3025,12098,12103,Contents/mods/ProjectHoomans/42.20/media/lua/client/PNC/UI/Storage/PNC_StorageController.lua
M,3172,3140,12691,12560,Contents/mods/ProjectHoomans/42.20/media/lua/client/PNC/UI/UniqueNPC/PNC_UniqueNPCDebugModel.lua
M,9504,1162,38018,4651,Contents/mods/ProjectHoomans/42.20/media/lua/client/PNC/UI/UniqueNPCEditor/PNC_UniqueNPCAppearanceWindow.lua
A,0,1304,0,5217,Contents/mods/ProjectHoomans/42.20/media/lua/client/PNC/UI/UniqueNPCEditor/PNC_UniqueNPCAppearanceWindow_Controls_Build.lua
A,0,1037,0,4151,Contents/mods/ProjectHoomans/42.20/media/lua/client/PNC/UI/UniqueNPCEditor/PNC_UniqueNPCAppearanceWindow_Controls_Options.lua
A,0,1090,0,4360,Contents/mods/ProjectHoomans/42.20/media/lua/client/PNC/UI/UniqueNPCEditor/PNC_UniqueNPCAppearanceWindow_DraftSync.lua
A,0,1969,0,7877,Contents/mods/ProjectHoomans/42.20/media/lua/client/PNC/UI/UniqueNPCEditor/PNC_UniqueNPCAppearanceWindow_Editing.lua
A,0,987,0,3951,Contents/mods/ProjectHoomans/42.20/media/lua/client/PNC/UI/UniqueNPCEditor/PNC_UniqueNPCAppearanceWindow_Layout.lua
A,0,1920,0,7681,Contents/mods/ProjectHoomans/42.20/media/lua/client/PNC/UI/UniqueNPCEditor/PNC_UniqueNPCAppearanceWindow_Options_Catalog.lua
A,0,445,0,1781,Contents/mods/ProjectHoomans/42.20/media/lua/client/PNC/UI/UniqueNPCEditor/PNC_UniqueNPCAppearanceWindow_Options_Core.lua
A,0,751,0,3005,Contents/mods/ProjectHoomans/42.20/media/lua/client/PNC/UI/UniqueNPCEditor/PNC_UniqueNPCAppearanceWindow_Voice.lua
M,9521,148,38087,593,Contents/mods/ProjectHoomans/42.20/media/lua/client/PNC/UI/UniqueNPCEditor/PNC_UniqueNPCEditorModel.lua
A,0,2717,0,10868,Contents/mods/ProjectHoomans/42.20/media/lua/client/PNC/UI/UniqueNPCEditor/PNC_UniqueNPCEditorModel_Core.lua
A,0,1483,0,5933,Contents/mods/ProjectHoomans/42.20/media/lua/client/PNC/UI/UniqueNPCEditor/PNC_UniqueNPCEditorModel_Definition.lua
A,0,895,0,3581,Contents/mods/ProjectHoomans/42.20/media/lua/client/PNC/UI/UniqueNPCEditor/PNC_UniqueNPCEditorModel_Presentation.lua
A,0,2838,0,11353,Contents/mods/ProjectHoomans/42.20/media/lua/client/PNC/UI/UniqueNPCEditor/PNC_UniqueNPCEditorModel_Runtime.lua
A,0,2161,0,8644,Contents/mods/ProjectHoomans/42.20/media/lua/client/PNC/UI/UniqueNPCEditor/PNC_UniqueNPCEditorModel_Validation.lua
M,10929,921,43716,3685,Contents/mods/ProjectHoomans/42.20/media/lua/client/PNC/UI/UniqueNPCEditor/PNC_UniqueNPCEditorWindow.lua
A,0,1283,0,5134,Contents/mods/ProjectHoomans/42.20/media/lua/client/PNC/UI/UniqueNPCEditor/PNC_UniqueNPCEditorWindow_Actions.lua
A,0,934,0,3736,Contents/mods/ProjectHoomans/42.20/media/lua/client/PNC/UI/UniqueNPCEditor/PNC_UniqueNPCEditorWindow_Core.lua
A,0,1872,0,7491,Contents/mods/ProjectHoomans/42.20/media/lua/client/PNC/UI/UniqueNPCEditor/PNC_UniqueNPCEditorWindow_Details.lua
A,0,1151,0,4606,Contents/mods/ProjectHoomans/42.20/media/lua/client/PNC/UI/UniqueNPCEditor/PNC_UniqueNPCEditorWindow_Form.lua
A,0,1716,0,6865,Contents/mods/ProjectHoomans/42.20/media/lua/client/PNC/UI/UniqueNPCEditor/PNC_UniqueNPCEditorWindow_Layout.lua
A,0,1607,0,6430,Contents/mods/ProjectHoomans/42.20/media/lua/client/PNC/UI/UniqueNPCEditor/PNC_UniqueNPCEditorWindow_Lifecycle.lua
A,0,1807,0,7230,Contents/mods/ProjectHoomans/42.20/media/lua/client/PNC/UI/UniqueNPCEditor/PNC_UniqueNPCEditorWindow_Options.lua
A,0,340,0,1363,Contents/mods/ProjectHoomans/42.20/media/lua/client/PNC/UI/UniqueNPCEditor/PNC_UniqueNPCEditorWindow_Persistence.lua
A,0,503,0,2012,Contents/mods/ProjectHoomans/42.20/media/lua/client/PNC/UI/UniqueNPCEditor/PNC_UniqueNPCEditorWindow_Preview.lua
M,5404,1000,21618,4002,Contents/mods/ProjectHoomans/42.20/media/lua/client/PNC/UI/Workshop/PNC_WorkshopCatalog.lua
A,0,105,0,421,Contents/mods/ProjectHoomans/42.20/media/lua/client/PNC/UI/Workshop/PNC_WorkshopCatalog_Rebuild.lua
A,0,535,0,2141,Contents/mods/ProjectHoomans/42.20/media/lua/client/PNC/UI/Workshop/PNC_WorkshopCatalog_Rebuild_Build.lua
A,0,2395,0,9583,Contents/mods/ProjectHoomans/42.20/media/lua/client/PNC/UI/Workshop/PNC_WorkshopCatalog_Rebuild_Helpers.lua
A,0,2264,0,9059,Contents/mods/ProjectHoomans/42.20/media/lua/client/PNC/UI/Workshop/PNC_WorkshopCatalog_Rebuild_Rows.lua
M,4918,165,19674,661,Contents/mods/ProjectHoomans/42.20/media/lua/server/PNC/Colonists/PNC_ColonistDepartureService.lua
A,0,1271,0,5087,Contents/mods/ProjectHoomans/42.20/media/lua/server/PNC/Colonists/PNC_ColonistDepartureService_Core.lua
A,0,1841,0,7367,Contents/mods/ProjectHoomans/42.20/media/lua/server/PNC/Colonists/PNC_ColonistDepartureService_Depart.lua
A,0,1464,0,5859,Contents/mods/ProjectHoomans/42.20/media/lua/server/PNC/Colonists/PNC_ColonistDepartureService_Destination.lua
A,0,990,0,3961,Contents/mods/ProjectHoomans/42.20/media/lua/server/PNC/Colonists/PNC_ColonistDepartureService_Pump.lua
M,5701,247,22804,991,Contents/mods/ProjectHoomans/42.20/media/lua/server/PNC/Colony/ColonyManagement/PNC_ColonyManagement_Snapshots.lua
A,0,1226,0,4907,Contents/mods/ProjectHoomans/42.20/media/lua/server/PNC/Colony/ColonyManagement/PNC_ColonyManagement_Snapshots_Base.lua
A,0,1878,0,7513,Contents/mods/ProjectHoomans/42.20/media/lua/server/PNC/Colony/ColonyManagement/PNC_ColonyManagement_Snapshots_Core.lua
A,0,3051,0,12206,Contents/mods/ProjectHoomans/42.20/media/lua/server/PNC/Colony/ColonyManagement/PNC_ColonyManagement_Snapshots_Full.lua
M,1788,1819,7155,7279,Contents/mods/ProjectHoomans/42.20/media/lua/server/PNC/Compatibility/Mods/ProjectALife/PNC_ProjectALife_EventServer.lua
M,1405,1447,5620,5791,Contents/mods/ProjectHoomans/42.20/media/lua/server/PNC/Composition/PNC_ServerComposition.lua
M,1687,180,6749,723,Contents/mods/ProjectHoomans/42.20/media/lua/server/PNC/Conversation/ConversationAuthority/PNC_ConversationAuthority_Choice.lua
A,0,313,0,1252,Contents/mods/ProjectHoomans/42.20/media/lua/server/PNC/Conversation/ConversationAuthority/PNC_ConversationAuthority_Choice_Handle.lua
A,0,880,0,3523,Contents/mods/ProjectHoomans/42.20/media/lua/server/PNC/Conversation/ConversationAuthority/PNC_ConversationAuthority_Choice_Handle_Context.lua
A,0,938,0,3753,Contents/mods/ProjectHoomans/42.20/media/lua/server/PNC/Conversation/ConversationAuthority/PNC_ConversationAuthority_Choice_Handle_Effects.lua
A,0,270,0,1083,Contents/mods/ProjectHoomans/42.20/media/lua/server/PNC/Conversation/ConversationAuthority/PNC_ConversationAuthority_Choice_Handle_Response.lua
M,1714,179,6858,719,Contents/mods/ProjectHoomans/42.20/media/lua/server/PNC/Conversation/ConversationAuthority/PNC_ConversationAuthority_Recruit.lua
A,0,300,0,1200,Contents/mods/ProjectHoomans/42.20/media/lua/server/PNC/Conversation/ConversationAuthority/PNC_ConversationAuthority_Recruit_Handle.lua
A,0,652,0,2609,Contents/mods/ProjectHoomans/42.20/media/lua/server/PNC/Conversation/ConversationAuthority/PNC_ConversationAuthority_Recruit_Handle_Context.lua
A,0,922,0,3688,Contents/mods/ProjectHoomans/42.20/media/lua/server/PNC/Conversation/ConversationAuthority/PNC_ConversationAuthority_Recruit_Handle_Effects.lua
A,0,551,0,2204,Contents/mods/ProjectHoomans/42.20/media/lua/server/PNC/Conversation/ConversationAuthority/PNC_ConversationAuthority_Recruit_Handle_Response.lua
M,1051,1031,4205,4127,Contents/mods/ProjectHoomans/42.20/media/lua/server/PNC/Conversation/PNC_ConversationHistory.lua
M,9751,255,39006,1022,Contents/mods/ProjectHoomans/42.20/media/lua/server/PNC/Director/MobileGroupDirector/PNC_MobileGroupDirector_Ambient.lua
A,0,1644,0,6577,Contents/mods/ProjectHoomans/42.20/media/lua/server/PNC/Director/MobileGroupDirector/PNC_MobileGroupDirector_Ambient_Core.lua
A,0,2487,0,9949,Contents/mods/ProjectHoomans/42.20/media/lua/server/PNC/Director/MobileGroupDirector/PNC_MobileGroupDirector_Ambient_Objective.lua
A,0,2005,0,8021,Contents/mods/ProjectHoomans/42.20/media/lua/server/PNC/Director/MobileGroupDirector/PNC_MobileGroupDirector_Ambient_Orders.lua
A,0,1780,0,7123,Contents/mods/ProjectHoomans/42.20/media/lua/server/PNC/Director/MobileGroupDirector/PNC_MobileGroupDirector_Ambient_Refresh.lua
A,0,1466,0,5866,Contents/mods/ProjectHoomans/42.20/media/lua/server/PNC/Director/MobileGroupDirector/PNC_MobileGroupDirector_Ambient_Runtime.lua
A,0,1665,0,6663,Contents/mods/ProjectHoomans/42.20/media/lua/server/PNC/Director/MobileGroupDirector/PNC_MobileGroupDirector_Ambient_Targets.lua
M,6037,143,24148,573,Contents/mods/ProjectHoomans/42.20/media/lua/server/PNC/Director/PNC_MobileSettlementVisitService.lua
A,0,2091,0,8367,Contents/mods/ProjectHoomans/42.20/media/lua/server/PNC/Director/PNC_MobileSettlementVisitService_Admission.lua
A,0,1193,0,4774,Contents/mods/ProjectHoomans/42.20/media/lua/server/PNC/Director/PNC_MobileSettlementVisitService_Arrival.lua
A,0,1614,0,6458,Contents/mods/ProjectHoomans/42.20/media/lua/server/PNC/Director/PNC_MobileSettlementVisitService_Core.lua
A,0,1898,0,7595,Contents/mods/ProjectHoomans/42.20/media/lua/server/PNC/Director/PNC_MobileSettlementVisitService_Pending.lua
M,4859,147,19437,590,Contents/mods/ProjectHoomans/42.20/media/lua/server/PNC/Director/PNC_UniqueNPCRegistry.lua
A,0,641,0,2567,Contents/mods/ProjectHoomans/42.20/media/lua/server/PNC/Director/PNC_UniqueNPCRegistry_Core.lua
A,0,1918,0,7672,Contents/mods/ProjectHoomans/42.20/media/lua/server/PNC/Director/PNC_UniqueNPCRegistry_Diagnostics.lua
A,0,1714,0,6856,Contents/mods/ProjectHoomans/42.20/media/lua/server/PNC/Director/PNC_UniqueNPCRegistry_Lifecycle.lua
A,0,1277,0,5110,Contents/mods/ProjectHoomans/42.20/media/lua/server/PNC/Director/PNC_UniqueNPCRegistry_Maintenance.lua
A,0,1013,0,4052,Contents/mods/ProjectHoomans/42.20/media/lua/server/PNC/Knowledge/NPCKnowledgeAPI/PNC_NPCKnowledgeAPI_Context.lua
A,0,2247,0,8991,Contents/mods/ProjectHoomans/42.20/media/lua/server/PNC/Knowledge/NPCKnowledgeAPI/PNC_NPCKnowledgeAPI_Disclosure.lua
A,0,2071,0,8286,Contents/mods/ProjectHoomans/42.20/media/lua/server/PNC/Knowledge/NPCKnowledgeAPI/PNC_NPCKnowledgeAPI_Mutations.lua
M,4934,161,19739,644,Contents/mods/ProjectHoomans/42.20/media/lua/server/PNC/Knowledge/PNC_NPCKnowledgeAPI.lua
M,11259,238,45037,955,Contents/mods/ProjectHoomans/42.20/media/lua/server/PNC/Lumber/LumberService/PNC_LumberService_Execution.lua
A,0,1489,0,5958,Contents/mods/ProjectHoomans/42.20/media/lua/server/PNC/Lumber/LumberService/PNC_LumberService_Execution_Dispatch.lua
A,0,1958,0,7832,Contents/mods/ProjectHoomans/42.20/media/lua/server/PNC/Lumber/LumberService/PNC_LumberService_Execution_OutputCapture.lua
A,0,97,0,390,Contents/mods/ProjectHoomans/42.20/media/lua/server/PNC/Lumber/LumberService/PNC_LumberService_Execution_OutputDelivery.lua
A,0,3359,0,13437,Contents/mods/ProjectHoomans/42.20/media/lua/server/PNC/Lumber/LumberService/PNC_LumberService_Execution_OutputDelivery_Deposit.lua
A,0,1981,0,7925,Contents/mods/ProjectHoomans/42.20/media/lua/server/PNC/Lumber/LumberService/PNC_LumberService_Execution_OutputDelivery_Pickup.lua
A,0,3281,0,13124,Contents/mods/ProjectHoomans/42.20/media/lua/server/PNC/Lumber/LumberService/PNC_LumberService_Execution_TreeWork.lua
M,4344,149,17377,596,Contents/mods/ProjectHoomans/42.20/media/lua/server/PNC/Lumber/LumberService/PNC_LumberService_Tools.lua
A,0,484,0,1939,Contents/mods/ProjectHoomans/42.20/media/lua/server/PNC/Lumber/LumberService/PNC_LumberService_Tools_Abstract.lua
A,0,1396,0,5585,Contents/mods/ProjectHoomans/42.20/media/lua/server/PNC/Lumber/LumberService/PNC_LumberService_Tools_Diagnostics.lua
A,0,2196,0,8785,Contents/mods/ProjectHoomans/42.20/media/lua/server/PNC/Lumber/LumberService/PNC_LumberService_Tools_Live.lua
A,0,729,0,2918,Contents/mods/ProjectHoomans/42.20/media/lua/server/PNC/Lumber/LumberService/PNC_LumberService_Tools_State.lua
M,4215,120,16861,482,Contents/mods/ProjectHoomans/42.20/media/lua/server/PNC/Lumber/LumberService/PNC_LumberService_Trees.lua
A,0,1433,0,5733,Contents/mods/ProjectHoomans/42.20/media/lua/server/PNC/Lumber/LumberService/PNC_LumberService_Trees_Access.lua
A,0,1542,0,6171,Contents/mods/ProjectHoomans/42.20/media/lua/server/PNC/Lumber/LumberService/PNC_LumberService_Trees_Claims.lua
A,0,1513,0,6054,Contents/mods/ProjectHoomans/42.20/media/lua/server/PNC/Lumber/LumberService/PNC_LumberService_Trees_Scan.lua
M,4093,240,16373,963,Contents/mods/ProjectHoomans/42.20/media/lua/server/PNC/Lumber/PNC_LumberWorkAdapter.lua
A,0,2244,0,8977,Contents/mods/ProjectHoomans/42.20/media/lua/server/PNC/Lumber/PNC_LumberWorkAdapter_Lifecycle.lua
A,0,908,0,3632,Contents/mods/ProjectHoomans/42.20/media/lua/server/PNC/Lumber/PNC_LumberWorkAdapter_OrderBridge.lua
A,0,1163,0,4654,Contents/mods/ProjectHoomans/42.20/media/lua/server/PNC/Lumber/PNC_LumberWorkAdapter_WorldEffects.lua
A,0,2254,0,9016,Contents/mods/ProjectHoomans/42.20/media/lua/server/PNC/Medical/MedicalCareExecutor/PNC_MedicalCareExecutor_Core.lua
A,0,1519,0,6076,Contents/mods/ProjectHoomans/42.20/media/lua/server/PNC/Medical/MedicalCareExecutor/PNC_MedicalCareExecutor_Lifecycle.lua
M,6666,130,26667,523,Contents/mods/ProjectHoomans/42.20/media/lua/server/PNC/Medical/MedicalCareExecutor/PNC_MedicalCareExecutor_Provider.lua
A,0,2157,0,8629,Contents/mods/ProjectHoomans/42.20/media/lua/server/PNC/Medical/MedicalCareExecutor/PNC_MedicalCareExecutor_Supply.lua
A,0,1608,0,6433,Contents/mods/ProjectHoomans/42.20/media/lua/server/PNC/Medical/MedicalCareExecutor/PNC_MedicalCareExecutor_SupplyActions.lua
M,4860,140,19442,561,Contents/mods/ProjectHoomans/42.20/media/lua/server/PNC/Needs/NeedFacilityTriggers/PNC_NeedFacilityEffects.lua
A,0,1752,0,7010,Contents/mods/ProjectHoomans/42.20/media/lua/server/PNC/Needs/NeedFacilityTriggers/PNC_NeedFacilityEffects_Core.lua
A,0,1699,0,6797,Contents/mods/ProjectHoomans/42.20/media/lua/server/PNC/Needs/NeedFacilityTriggers/PNC_NeedFacilityEffects_Needs.lua
A,0,1827,0,7309,Contents/mods/ProjectHoomans/42.20/media/lua/server/PNC/Needs/NeedFacilityTriggers/PNC_NeedFacilityEffects_Water.lua
M,10233,2879,40932,11519,Contents/mods/ProjectHoomans/42.20/media/lua/server/PNC/Needs/NeedFacilityTriggers/PNC_NeedFacilityTriggers_AwayRoutes.lua
A,0,1468,0,5873,Contents/mods/ProjectHoomans/42.20/media/lua/server/PNC/Needs/NeedFacilityTriggers/PNC_NeedFacilityTriggers_AwayRoutes_Camp.lua
A,0,958,0,3832,Contents/mods/ProjectHoomans/42.20/media/lua/server/PNC/Needs/NeedFacilityTriggers/PNC_NeedFacilityTriggers_AwayRoutes_PersonalFood.lua
A,0,1341,0,5366,Contents/mods/ProjectHoomans/42.20/media/lua/server/PNC/Needs/NeedFacilityTriggers/PNC_NeedFacilityTriggers_AwayRoutes_PersonalHydration.lua
A,0,2494,0,9977,Contents/mods/ProjectHoomans/42.20/media/lua/server/PNC/Needs/NeedFacilityTriggers/PNC_NeedFacilityTriggers_AwayRoutes_WaterRefill.lua
A,0,2077,0,8308,Contents/mods/ProjectHoomans/42.20/media/lua/server/PNC/Needs/NeedFacilityTriggers/PNC_NeedFacilityTriggers_AwayRoutes_WorldWater.lua
M,4198,200,16792,802,Contents/mods/ProjectHoomans/42.20/media/lua/server/PNC/Needs/NeedFacilityTriggers/PNC_NeedFacilityTriggers_Provider.lua
A,0,739,0,2959,Contents/mods/ProjectHoomans/42.20/media/lua/server/PNC/Needs/NeedFacilityTriggers/PNC_NeedFacilityTriggers_Provider_Helpers.lua
A,0,933,0,3734,Contents/mods/ProjectHoomans/42.20/media/lua/server/PNC/Needs/NeedFacilityTriggers/PNC_NeedFacilityTriggers_Provider_Lifecycle.lua
A,0,1928,0,7712,Contents/mods/ProjectHoomans/42.20/media/lua/server/PNC/Needs/NeedFacilityTriggers/PNC_NeedFacilityTriggers_Provider_Main.lua
A,0,1080,0,4322,Contents/mods/ProjectHoomans/42.20/media/lua/server/PNC/Needs/NeedFacilityTriggers/PNC_NeedFacilityTriggers_Provider_Recovery.lua
M,1465,1494,5862,5978,Contents/mods/ProjectHoomans/42.20/media/lua/server/PNC/Needs/PNC_NeedsEvaluator.lua
M,4245,2301,16983,9205,Contents/mods/ProjectHoomans/42.20/media/lua/server/PNC/Networking/Handlers/PNC_ServerLLMSocialReactionCommandHandler.lua
A,0,1066,0,4266,Contents/mods/ProjectHoomans/42.20/media/lua/server/PNC/Networking/Handlers/PNC_ServerLLMSocialReactionCommandHandler_Admission.lua
A,0,655,0,2623,Contents/mods/ProjectHoomans/42.20/media/lua/server/PNC/Networking/Handlers/PNC_ServerLLMSocialReactionCommandHandler_AdmissionLease.lua
A,0,731,0,2924,Contents/mods/ProjectHoomans/42.20/media/lua/server/PNC/Networking/Handlers/PNC_ServerLLMSocialReactionCommandHandler_AdmissionPolicy.lua
A,0,544,0,2179,Contents/mods/ProjectHoomans/42.20/media/lua/server/PNC/Networking/Handlers/PNC_ServerLLMSocialReactionCommandHandler_AdmissionRequest.lua
A,0,572,0,2289,Contents/mods/ProjectHoomans/42.20/media/lua/server/PNC/Networking/Handlers/PNC_ServerLLMSocialReactionCommandHandler_ApplyEffect.lua
A,0,841,0,3367,Contents/mods/ProjectHoomans/42.20/media/lua/server/PNC/Networking/Handlers/PNC_ServerLLMSocialReactionCommandHandler_BuildResult.lua
A,0,277,0,1111,Contents/mods/ProjectHoomans/42.20/media/lua/server/PNC/Networking/Handlers/PNC_ServerLLMSocialReactionCommandHandler_DeliverResult.lua
A,0,1223,0,4893,Contents/mods/ProjectHoomans/42.20/media/lua/server/PNC/Networking/Handlers/PNC_ServerLLMSocialReactionCommandHandler_Handle.lua
A,0,364,0,1457,Contents/mods/ProjectHoomans/42.20/media/lua/server/PNC/Networking/Handlers/PNC_ServerLLMSocialReactionCommandHandler_LeaseLifecycle.lua
M,626,623,2505,2494,Contents/mods/ProjectHoomans/42.20/media/lua/server/PNC/Networking/Handlers/PNC_ServerNecroaDamageCommandHandler.lua
M,2403,1279,9615,5116,Contents/mods/ProjectHoomans/42.20/media/lua/server/PNC/Networking/Handlers/PNC_ServerSemanticSocialInteractionCommandHandler.lua
A,0,727,0,2908,Contents/mods/ProjectHoomans/42.20/media/lua/server/PNC/Networking/Handlers/PNC_ServerSemanticSocialInteractionCommandHandler_ApplySocialEvent.lua
A,0,1259,0,5036,Contents/mods/ProjectHoomans/42.20/media/lua/server/PNC/Networking/Handlers/PNC_ServerSemanticSocialInteractionCommandHandler_Handle.lua
M,241,334,966,1336,Contents/mods/ProjectHoomans/42.20/media/lua/server/PNC/Production/PNC_WorkService.lua
A,0,1264,0,5059,Contents/mods/ProjectHoomans/42.20/media/lua/server/PNC/Production/WorkService/PNC_WorkService_Claims.lua
M,3175,2695,12700,10782,Contents/mods/ProjectHoomans/42.20/media/lua/server/PNC/Production/WorkService/PNC_WorkService_Core.lua
A,0,545,0,2183,Contents/mods/ProjectHoomans/42.20/media/lua/server/PNC/Production/WorkService/PNC_WorkService_OperationRegistry.lua
M,2654,310,10619,1241,Contents/mods/ProjectHoomans/42.20/media/lua/server/PNC/Production/WorkService/PNC_WorkService_Progress.lua
A,0,886,0,3544,Contents/mods/ProjectHoomans/42.20/media/lua/server/PNC/Production/WorkService/PNC_WorkService_Progress_Accounting.lua
A,0,1359,0,5436,Contents/mods/ProjectHoomans/42.20/media/lua/server/PNC/Production/WorkService/PNC_WorkService_Progress_Completion.lua
A,0,654,0,2618,Contents/mods/ProjectHoomans/42.20/media/lua/server/PNC/Production/WorkService/PNC_WorkService_Progress_Inputs.lua
A,0,782,0,3128,Contents/mods/ProjectHoomans/42.20/media/lua/server/PNC/Production/WorkService/PNC_WorkService_Queue.lua
M,1873,156,7492,625,Contents/mods/ProjectHoomans/42.20/media/lua/server/PNC/Production/WorkService/PNC_WorkService_QueueAndClaims.lua
M,3598,181,14394,727,Contents/mods/ProjectHoomans/42.20/media/lua/server/PNC/Production/WorkService/PNC_WorkService_Scheduler.lua
A,0,2681,0,10725,Contents/mods/ProjectHoomans/42.20/media/lua/server/PNC/Production/WorkService/PNC_WorkService_Scheduler_Orders.lua
A,0,1035,0,4141,Contents/mods/ProjectHoomans/42.20/media/lua/server/PNC/Production/WorkService/PNC_WorkService_Scheduler_Pump.lua
M,1608,113,6432,453,Contents/mods/ProjectHoomans/42.20/media/lua/server/PNC/Production/WorkService/PNC_WorkService_Targets.lua
A,0,906,0,3625,Contents/mods/ProjectHoomans/42.20/media/lua/server/PNC/Production/WorkService/PNC_WorkService_Targets_Claim.lua
A,0,818,0,3275,Contents/mods/ProjectHoomans/42.20/media/lua/server/PNC/Production/WorkService/PNC_WorkService_Targets_Providers.lua
M,1862,182,7448,729,Contents/mods/ProjectHoomans/42.20/media/lua/server/PNC/Production/WorkService/PNC_WorkService_WorkerReconciliation.lua
A,0,889,0,3559,Contents/mods/ProjectHoomans/42.20/media/lua/server/PNC/Production/WorkService/PNC_WorkService_WorkerReconciliation_Claims.lua
A,0,1062,0,4249,Contents/mods/ProjectHoomans/42.20/media/lua/server/PNC/Production/WorkService/PNC_WorkService_WorkerReconciliation_State.lua
M,6120,397,24483,1590,Contents/mods/ProjectHoomans/42.20/media/lua/server/PNC/Production/WorldEffects/PNC_WorldEffectService.lua
A,0,705,0,2820,Contents/mods/ProjectHoomans/42.20/media/lua/server/PNC/Production/WorldEffects/PNC_WorldEffectService_Bootstrap.lua
A,0,1402,0,5610,Contents/mods/ProjectHoomans/42.20/media/lua/server/PNC/Production/WorldEffects/PNC_WorldEffectService_Context.lua
A,0,1238,0,4952,Contents/mods/ProjectHoomans/42.20/media/lua/server/PNC/Production/WorldEffects/PNC_WorldEffectService_Reconciliation.lua
A,0,1249,0,4999,Contents/mods/ProjectHoomans/42.20/media/lua/server/PNC/Production/WorldEffects/PNC_WorldEffectService_Registry.lua
A,0,1968,0,7873,Contents/mods/ProjectHoomans/42.20/media/lua/server/PNC/Production/WorldEffects/PNC_WorldEffectService_Snapshot.lua
M,4416,616,17667,2466,Contents/mods/ProjectHoomans/42.20/media/lua/server/PNC/PuppetOpera/PNC_PuppetOpera_Authority.lua
M,5343,176,21375,704,Contents/mods/ProjectHoomans/42.20/media/lua/server/PNC/PuppetOpera/PNC_PuppetOpera_Authority_Admission.lua
A,0,3045,0,12182,Contents/mods/ProjectHoomans/42.20/media/lua/server/PNC/PuppetOpera/PNC_PuppetOpera_Authority_Admission_Preflight.lua
A,0,2649,0,10598,Contents/mods/ProjectHoomans/42.20/media/lua/server/PNC/PuppetOpera/PNC_PuppetOpera_Authority_Admission_Session.lua
A,0,210,0,841,Contents/mods/ProjectHoomans/42.20/media/lua/server/PNC/PuppetOpera/PNC_PuppetOpera_Authority_Bootstrap.lua
A,0,418,0,1673,Contents/mods/ProjectHoomans/42.20/media/lua/server/PNC/PuppetOpera/PNC_PuppetOpera_Authority_Context.lua
A,0,2202,0,8810,Contents/mods/ProjectHoomans/42.20/media/lua/server/PNC/PuppetOpera/PNC_PuppetOpera_Authority_Guards.lua
A,0,1375,0,5503,Contents/mods/ProjectHoomans/42.20/media/lua/server/PNC/PuppetOpera/PNC_PuppetOpera_Authority_Lifecycle.lua
A,0,519,0,2076,Contents/mods/ProjectHoomans/42.20/media/lua/server/PNC/PuppetOpera/PNC_PuppetOpera_Authority_Lifecycle_Response.lua
M,2019,859,8079,3436,Contents/mods/ProjectHoomans/42.20/media/lua/server/PNC/PuppetOpera/PNC_PuppetOpera_Authority_Requests.lua
A,0,668,0,2675,Contents/mods/ProjectHoomans/42.20/media/lua/server/PNC/PuppetOpera/PNC_PuppetOpera_Authority_Requests_Readonly.lua
A,0,1147,0,4589,Contents/mods/ProjectHoomans/42.20/media/lua/server/PNC/PuppetOpera/PNC_PuppetOpera_Authority_Requests_Session.lua
M,6068,230,24274,921,Contents/mods/ProjectHoomans/42.20/media/lua/server/PNC/PuppetOpera/PNC_PuppetOpera_Authority_Runtime.lua
A,0,871,0,3484,Contents/mods/ProjectHoomans/42.20/media/lua/server/PNC/PuppetOpera/PNC_PuppetOpera_Authority_Runtime_Dispatch.lua
A,0,2348,0,9392,Contents/mods/ProjectHoomans/42.20/media/lua/server/PNC/PuppetOpera/PNC_PuppetOpera_Authority_Runtime_Phases.lua
A,0,1451,0,5806,Contents/mods/ProjectHoomans/42.20/media/lua/server/PNC/PuppetOpera/PNC_PuppetOpera_Authority_Runtime_Safety.lua
A,0,2066,0,8266,Contents/mods/ProjectHoomans/42.20/media/lua/server/PNC/PuppetOpera/PNC_PuppetOpera_Authority_Runtime_Timeline.lua
M,4559,293,18237,1174,Contents/mods/ProjectHoomans/42.20/media/lua/server/PNC/PuppetOpera/PNC_PuppetOpera_OverrideAdapter.lua
A,0,1789,0,7157,Contents/mods/ProjectHoomans/42.20/media/lua/server/PNC/PuppetOpera/PNC_PuppetOpera_Override_Context.lua
A,0,1489,0,5957,Contents/mods/ProjectHoomans/42.20/media/lua/server/PNC/PuppetOpera/PNC_PuppetOpera_Override_Lifecycle.lua
A,0,551,0,2206,Contents/mods/ProjectHoomans/42.20/media/lua/server/PNC/PuppetOpera/PNC_PuppetOpera_Override_Maintenance.lua
A,0,936,0,3744,Contents/mods/ProjectHoomans/42.20/media/lua/server/PNC/PuppetOpera/PNC_PuppetOpera_Override_Readiness.lua
A,0,2176,0,8704,Contents/mods/ProjectHoomans/42.20/media/lua/server/PNC/Semantics/CampSiteResolver/PNC_SemanticCampSiteResolver_Core.lua
A,0,1307,0,5230,Contents/mods/ProjectHoomans/42.20/media/lua/server/PNC/Semantics/CampSiteResolver/PNC_SemanticCampSiteResolver_Resolve.lua
A,0,2137,0,8550,Contents/mods/ProjectHoomans/42.20/media/lua/server/PNC/Semantics/CampSiteResolver/PNC_SemanticCampSiteResolver_Validation.lua
M,4918,189,19672,756,Contents/mods/ProjectHoomans/42.20/media/lua/server/PNC/Semantics/PNC_SemanticCampSiteResolver.lua
M,5470,110,21883,441,Contents/mods/ProjectHoomans/42.20/media/lua/server/PNC/Semantics/PNC_SemanticWorldTargetResolver.lua
A,0,3181,0,12726,Contents/mods/ProjectHoomans/42.20/media/lua/server/PNC/Semantics/PNC_SemanticWorldTargetResolver_Core.lua
A,0,2768,0,11072,Contents/mods/ProjectHoomans/42.20/media/lua/server/PNC/Semantics/PNC_SemanticWorldTargetResolver_Providers.lua
M,247,241,991,964,Contents/mods/ProjectHoomans/42.20/media/lua/server/PNC/Server/PNC_ServerInventory.lua
M,4445,2942,17782,11770,Contents/mods/ProjectHoomans/42.20/media/lua/server/PNC/Server/ServerInventory/PNC_ServerInventory_Transfer.lua
A,0,1888,0,7552,Contents/mods/ProjectHoomans/42.20/media/lua/server/PNC/Server/ServerInventory/PNC_ServerInventory_Transfer_Handle.lua
A,0,597,0,2388,Contents/mods/ProjectHoomans/42.20/media/lua/server/PNC/Settlement/FacilityJobs/FacilityJobs_Service/PNC_FacilityJobs_Service_ManualSleep.lua
A,0,1829,0,7316,Contents/mods/ProjectHoomans/42.20/media/lua/server/PNC/Settlement/FacilityJobs/FacilityJobs_Service/PNC_FacilityJobs_Service_ManualStart.lua
M,3236,546,12946,2185,Contents/mods/ProjectHoomans/42.20/media/lua/server/PNC/Settlement/FacilityJobs/FacilityJobs_Service/PNC_FacilityJobs_Service_ManualTargets.lua
A,0,580,0,2323,Contents/mods/ProjectHoomans/42.20/media/lua/server/PNC/Settlement/FacilityJobs/FacilityJobs_Service/PNC_FacilityJobs_Service_ManualWater.lua
M,6270,1073,25080,4292,Contents/mods/ProjectHoomans/42.20/media/lua/server/PNC/Settlement/FacilityJobs/FacilityJobs_Service/PNC_FacilityJobs_Service_Start.lua
A,0,743,0,2974,Contents/mods/ProjectHoomans/42.20/media/lua/server/PNC/Settlement/FacilityJobs/FacilityJobs_Service/PNC_FacilityJobs_Service_StartState.lua
A,0,2281,0,9127,Contents/mods/ProjectHoomans/42.20/media/lua/server/PNC/Settlement/FacilityJobs/FacilityJobs_Service/PNC_FacilityJobs_Service_StartState_Activity.lua
A,0,213,0,855,Contents/mods/ProjectHoomans/42.20/media/lua/server/PNC/Settlement/FacilityJobs/FacilityJobs_Service/PNC_FacilityJobs_Service_StartState_Order.lua
A,0,2018,0,8072,Contents/mods/ProjectHoomans/42.20/media/lua/server/PNC/Settlement/FacilityJobs/FacilityJobs_Service/PNC_FacilityJobs_Service_StartState_Order_Payload.lua
A,0,2518,0,10072,Contents/mods/ProjectHoomans/42.20/media/lua/server/PNC/Settlement/FacilityJobs/FacilityJobs_Service/PNC_FacilityJobs_Service_StartState_Order_Runtime.lua
A,0,1927,0,7710,Contents/mods/ProjectHoomans/42.20/media/lua/server/PNC/Settlement/FacilityJobs/FacilityJobs_Service/PNC_FacilityJobs_Service_Start_Targeting.lua
M,179,300,717,1200,Contents/mods/ProjectHoomans/42.20/media/lua/server/PNC/Settlement/FacilityJobs/PNC_FacilityJobs_Service.lua
M,7483,578,29934,2314,Contents/mods/ProjectHoomans/42.20/media/lua/server/PNC/Settlement/FacilityJobs/PNC_RoamingSeatService.lua
A,0,2069,0,8277,Contents/mods/ProjectHoomans/42.20/media/lua/server/PNC/Settlement/FacilityJobs/PNC_RoamingSeatService_Discovery.lua
A,0,1097,0,4391,Contents/mods/ProjectHoomans/42.20/media/lua/server/PNC/Settlement/FacilityJobs/PNC_RoamingSeatService_Lifecycle.lua
A,0,1646,0,6586,Contents/mods/ProjectHoomans/42.20/media/lua/server/PNC/Settlement/FacilityJobs/PNC_RoamingSeatService_Policy.lua
A,0,1063,0,4254,Contents/mods/ProjectHoomans/42.20/media/lua/server/PNC/Settlement/FacilityJobs/PNC_RoamingSeatService_Scenes.lua
A,0,1373,0,5494,Contents/mods/ProjectHoomans/42.20/media/lua/server/PNC/Settlement/FacilityJobs/PNC_RoamingSeatService_Start.lua
A,0,1383,0,5532,Contents/mods/ProjectHoomans/42.20/media/lua/server/PNC/Settlement/FacilityJobs/PNC_RoamingSeatService_Tick.lua
A,0,3509,0,14037,Contents/mods/ProjectHoomans/42.20/media/lua/server/PNC/Settlement/FacilityResources/PNC_FacilityResources_CapacitySelection.lua
A,0,2229,0,8919,Contents/mods/ProjectHoomans/42.20/media/lua/server/PNC/Settlement/FacilityResources/PNC_FacilityResources_Scan.lua
A,0,3224,0,12897,Contents/mods/ProjectHoomans/42.20/media/lua/server/PNC/Settlement/FacilityResources/PNC_FacilityResources_Seating.lua
M,11184,853,44739,3412,Contents/mods/ProjectHoomans/42.20/media/lua/server/PNC/Settlement/PNC_FacilityResources.lua
A,0,1180,0,4722,Contents/mods/ProjectHoomans/42.20/media/lua/server/PNC/Settlement/PNC_FacilityResources_Activity.lua
A,0,640,0,2563,Contents/mods/ProjectHoomans/42.20/media/lua/server/PNC/Settlement/PNC_FacilityResources_Detectors.lua
A,0,605,0,2421,Contents/mods/ProjectHoomans/42.20/media/lua/server/PNC/Settlement/PNC_FacilityResources_Snapshot.lua
M,6209,124,24838,498,Contents/mods/ProjectHoomans/42.20/media/lua/server/PNC/Settlement/PNC_InteractionTargetResolver.lua
A,0,2335,0,9341,Contents/mods/ProjectHoomans/42.20/media/lua/server/PNC/Settlement/PNC_InteractionTargetResolver_Core.lua
A,0,1857,0,7430,Contents/mods/ProjectHoomans/42.20/media/lua/server/PNC/Settlement/PNC_InteractionTargetResolver_Seat.lua
A,0,2459,0,9839,Contents/mods/ProjectHoomans/42.20/media/lua/server/PNC/Settlement/PNC_InteractionTargetResolver_Sleep.lua
M,245,286,981,1147,Contents/mods/ProjectHoomans/42.20/media/lua/server/PNC/Social/PNC_SocialEventHooks.lua
M,155,196,623,785,Contents/mods/ProjectHoomans/42.20/media/lua/server/PNC/Social/PNC_SocialEventService.lua
M,4203,2783,16813,11135,Contents/mods/ProjectHoomans/42.20/media/lua/server/PNC/Social/PNC_SocialGreetingService.lua
A,0,1737,0,6950,Contents/mods/ProjectHoomans/42.20/media/lua/server/PNC/Social/PNC_SocialGreetingService_TryGreet.lua
M,2382,1108,9531,4434,Contents/mods/ProjectHoomans/42.20/media/lua/server/PNC/Social/RelationshipService/PNC_RelationshipService_EventMutation.lua
A,0,1612,0,6449,Contents/mods/ProjectHoomans/42.20/media/lua/server/PNC/Social/RelationshipService/PNC_RelationshipService_EventMutation_Apply.lua
M,6528,125,26112,502,Contents/mods/ProjectHoomans/42.20/media/lua/server/PNC/Social/SocialEventHooks/PNC_SocialEventHooks_CombatAdapter.lua
A,0,3870,0,15482,Contents/mods/ProjectHoomans/42.20/media/lua/server/PNC/Social/SocialEventHooks/PNC_SocialEventHooks_CombatAdapter_Awareness.lua
A,0,3180,0,12721,Contents/mods/ProjectHoomans/42.20/media/lua/server/PNC/Social/SocialEventHooks/PNC_SocialEventHooks_CombatAdapter_Witnesses.lua
M,10476,171,41905,685,Contents/mods/ProjectHoomans/42.20/media/lua/server/PNC/Social/SocialEventHooks/PNC_SocialEventHooks_DamageAdapter.lua
A,0,2824,0,11299,Contents/mods/ProjectHoomans/42.20/media/lua/server/PNC/Social/SocialEventHooks/PNC_SocialEventHooks_DamageAdapter_Context.lua
A,0,2055,0,8221,Contents/mods/ProjectHoomans/42.20/media/lua/server/PNC/Social/SocialEventHooks/PNC_SocialEventHooks_DamageAdapter_Polling.lua
A,0,199,0,798,Contents/mods/ProjectHoomans/42.20/media/lua/server/PNC/Social/SocialEventHooks/PNC_SocialEventHooks_DamageAdapter_Recorders.lua
A,0,2194,0,8777,Contents/mods/ProjectHoomans/42.20/media/lua/server/PNC/Social/SocialEventHooks/PNC_SocialEventHooks_DamageAdapter_Recorders_Faction.lua
A,0,473,0,1892,Contents/mods/ProjectHoomans/42.20/media/lua/server/PNC/Social/SocialEventHooks/PNC_SocialEventHooks_DamageAdapter_Recorders_Helpers.lua
A,0,519,0,2079,Contents/mods/ProjectHoomans/42.20/media/lua/server/PNC/Social/SocialEventHooks/PNC_SocialEventHooks_DamageAdapter_Recorders_NPC.lua
A,0,1872,0,7488,Contents/mods/ProjectHoomans/42.20/media/lua/server/PNC/Social/SocialEventHooks/PNC_SocialEventHooks_DamageAdapter_Recorders_Player.lua
A,0,2467,0,9871,Contents/mods/ProjectHoomans/42.20/media/lua/server/PNC/Social/SocialEventHooks/PNC_SocialEventHooks_DamageAdapter_TeammateDelivery.lua
M,4880,212,19522,848,Contents/mods/ProjectHoomans/42.20/media/lua/server/PNC/Social/SocialEventHooks/PNC_SocialEventHooks_DownedDistress.lua
A,0,70,0,282,Contents/mods/ProjectHoomans/42.20/media/lua/server/PNC/Social/SocialEventHooks/PNC_SocialEventHooks_DownedDistress_Core.lua
A,0,71,0,284,Contents/mods/ProjectHoomans/42.20/media/lua/server/PNC/Social/SocialEventHooks/PNC_SocialEventHooks_DownedDistress_Inputs.lua
A,0,71,0,284,Contents/mods/ProjectHoomans/42.20/media/lua/server/PNC/Social/SocialEventHooks/PNC_SocialEventHooks_DownedDistress_Public.lua
M,2430,969,9721,3876,Contents/mods/ProjectHoomans/42.20/media/lua/server/PNC/Social/SocialEventService/PNC_SocialEventService_Process.lua
A,0,961,0,3846,Contents/mods/ProjectHoomans/42.20/media/lua/server/PNC/Social/SocialEventService/PNC_SocialEventService_Process_Bridges.lua
A,0,893,0,3575,Contents/mods/ProjectHoomans/42.20/media/lua/server/PNC/Social/SocialEventService/PNC_SocialEventService_Process_Transaction.lua
M,1613,1644,6453,6577,Contents/mods/ProjectHoomans/42.20/media/lua/server/PNC/Stealth/PNC_ServerStealthDiscovery.lua
M,5018,175,20073,703,Contents/mods/ProjectHoomans/42.20/media/lua/server/PNC/Supply/SupplyInventory/PNC_SupplyInventory_Consumption.lua
A,0,3041,0,12167,Contents/mods/ProjectHoomans/42.20/media/lua/server/PNC/Supply/SupplyInventory/PNC_SupplyInventory_Consumption_Core.lua
A,0,769,0,3076,Contents/mods/ProjectHoomans/42.20/media/lua/server/PNC/Supply/SupplyInventory/PNC_SupplyInventory_Consumption_Physical.lua
A,0,1649,0,6596,Contents/mods/ProjectHoomans/42.20/media/lua/server/PNC/Supply/SupplyInventory/PNC_SupplyInventory_Consumption_Transaction.lua
M,5480,526,21921,2107,Contents/mods/ProjectHoomans/42.20/media/lua/server/PNC/Tasking/CorpseHaulService/PNC_CorpseHaulService_Dispatch.lua
A,0,1479,0,5917,Contents/mods/ProjectHoomans/42.20/media/lua/server/PNC/Tasking/CorpseHaulService/PNC_CorpseHaulService_Dispatch_Assignment.lua
A,0,3828,0,15315,Contents/mods/ProjectHoomans/42.20/media/lua/server/PNC/Tasking/CorpseHaulService/PNC_CorpseHaulService_Dispatch_Manual.lua
M,6975,137,27901,551,Contents/mods/ProjectHoomans/42.20/media/lua/server/PNC/Tasking/CorpseHaulService/PNC_CorpseHaulService_Reconciliation.lua
A,0,3677,0,14710,Contents/mods/ProjectHoomans/42.20/media/lua/server/PNC/Tasking/CorpseHaulService/PNC_CorpseHaulService_Reconciliation_Active.lua
A,0,3634,0,14538,Contents/mods/ProjectHoomans/42.20/media/lua/server/PNC/Tasking/CorpseHaulService/PNC_CorpseHaulService_Reconciliation_Candidates.lua
M,11063,2300,44252,9202,Contents/mods/ProjectHoomans/42.20/media/lua/server/PNC/Tasking/CorpseHaulService/PNC_CorpseHaulService_WorkAdapter.lua
A,0,1451,0,5807,Contents/mods/ProjectHoomans/42.20/media/lua/server/PNC/Tasking/CorpseHaulService/PNC_CorpseHaulService_WorkAdapter_Cleanup.lua
A,0,1088,0,4353,Contents/mods/ProjectHoomans/42.20/media/lua/server/PNC/Tasking/CorpseHaulService/PNC_CorpseHaulService_WorkAdapter_Diagnostics.lua
A,0,1409,0,5637,Contents/mods/ProjectHoomans/42.20/media/lua/server/PNC/Tasking/CorpseHaulService/PNC_CorpseHaulService_WorkAdapter_Targeting.lua
A,0,2727,0,10908,Contents/mods/ProjectHoomans/42.20/media/lua/server/PNC/Tasking/CorpseHaulService/PNC_CorpseHaulService_WorkAdapter_Tick.lua
A,0,3548,0,14194,Contents/mods/ProjectHoomans/42.20/media/lua/server/PNC/Tasking/CorpseHaulService/PNC_CorpseHaulService_WorkAdapter_Transfer.lua
M,4110,146,16440,585,Contents/mods/ProjectHoomans/42.20/media/lua/server/PNC/Tasking/CorpseHaulService/PNC_CorpseHaulService_World.lua
A,0,1381,0,5526,Contents/mods/ProjectHoomans/42.20/media/lua/server/PNC/Tasking/CorpseHaulService/PNC_CorpseHaulService_World_Corpses.lua
A,0,1112,0,4449,Contents/mods/ProjectHoomans/42.20/media/lua/server/PNC/Tasking/CorpseHaulService/PNC_CorpseHaulService_World_Destinations.lua
A,0,1983,0,7932,Contents/mods/ProjectHoomans/42.20/media/lua/server/PNC/Tasking/CorpseHaulService/PNC_CorpseHaulService_World_Helpers.lua
M,2492,441,9971,1765,Contents/mods/ProjectHoomans/42.20/media/lua/server/PNC/Tasking/PNC_TaskLeaseService.lua
A,0,354,0,1419,Contents/mods/ProjectHoomans/42.20/media/lua/server/PNC/Tasking/PNC_TaskLeaseService_Cancellation.lua
A,0,538,0,2155,Contents/mods/ProjectHoomans/42.20/media/lua/server/PNC/Tasking/PNC_TaskLeaseService_Context.lua
A,0,615,0,2460,Contents/mods/ProjectHoomans/42.20/media/lua/server/PNC/Tasking/PNC_TaskLeaseService_Creation.lua
A,0,264,0,1056,Contents/mods/ProjectHoomans/42.20/media/lua/server/PNC/Tasking/PNC_TaskLeaseService_Queries.lua
A,0,700,0,2801,Contents/mods/ProjectHoomans/42.20/media/lua/server/PNC/Tasking/PNC_TaskLeaseService_Release.lua
M,5948,124,23792,497,Contents/mods/ProjectHoomans/42.20/media/lua/server/PNC/Tasking/PNC_TaskRequestService.lua
A,0,2676,0,10706,Contents/mods/ProjectHoomans/42.20/media/lua/server/PNC/Tasking/PNC_TaskRequestService_Commands.lua
A,0,3338,0,13355,Contents/mods/ProjectHoomans/42.20/media/lua/server/PNC/Tasking/PNC_TaskRequestService_Snapshots.lua
M,3098,164,12393,656,Contents/mods/ProjectHoomans/42.20/media/lua/server/PNC/Tasking/PNC_WorkTaskProvider.lua
A,0,962,0,3851,Contents/mods/ProjectHoomans/42.20/media/lua/server/PNC/Tasking/PNC_WorkTaskProvider_Assignment.lua
A,0,446,0,1787,Contents/mods/ProjectHoomans/42.20/media/lua/server/PNC/Tasking/PNC_WorkTaskProvider_Context.lua
A,0,1110,0,4443,Contents/mods/ProjectHoomans/42.20/media/lua/server/PNC/Tasking/PNC_WorkTaskProvider_Execution.lua
A,0,962,0,3849,Contents/mods/ProjectHoomans/42.20/media/lua/server/PNC/Tasking/PNC_WorkTaskProvider_Lease.lua
M,3057,718,12231,2874,Contents/mods/ProjectHoomans/42.20/media/lua/server/PNC/Tasking/Tasking/PNC_Tasking_Pump.lua
A,0,425,0,1703,Contents/mods/ProjectHoomans/42.20/media/lua/server/PNC/Tasking/Tasking/PNC_Tasking_Pump_Context.lua
A,0,655,0,2623,Contents/mods/ProjectHoomans/42.20/media/lua/server/PNC/Tasking/Tasking/PNC_Tasking_Pump_Evaluation.lua
A,0,1339,0,5358,Contents/mods/ProjectHoomans/42.20/media/lua/server/PNC/Tasking/Tasking/PNC_Tasking_Pump_Execution.lua
A,0,694,0,2776,Contents/mods/ProjectHoomans/42.20/media/lua/server/PNC/Tasking/Tasking/PNC_Tasking_Pump_Reconciliation.lua
M,2736,378,10946,1512,Contents/mods/ProjectHoomans/42.20/media/lua/server/PNC/Tasking/Tasking/PNC_Tasking_Recovery.lua
A,0,1651,0,6606,Contents/mods/ProjectHoomans/42.20/media/lua/server/PNC/Tasking/Tasking/PNC_Tasking_Recovery_Context.lua
A,0,220,0,882,Contents/mods/ProjectHoomans/42.20/media/lua/server/PNC/Tasking/Tasking/PNC_Tasking_Recovery_Executor.lua
A,0,650,0,2603,Contents/mods/ProjectHoomans/42.20/media/lua/server/PNC/Tasking/Tasking/PNC_Tasking_Recovery_Retry.lua
A,0,413,0,1654,Contents/mods/ProjectHoomans/42.20/media/lua/server/PNC/Tasking/Tasking/PNC_Tasking_Recovery_Stall.lua
M,4870,161,19483,644,Contents/mods/ProjectHoomans/42.20/media/lua/server/PNC/World/CampResourceService/PNC_CampResourceService_Activity.lua
A,0,2356,0,9425,Contents/mods/ProjectHoomans/42.20/media/lua/server/PNC/World/CampResourceService/PNC_CampResourceService_Activity_Core.lua
A,0,1440,0,5763,Contents/mods/ProjectHoomans/42.20/media/lua/server/PNC/World/CampResourceService/PNC_CampResourceService_Activity_Lifecycle.lua
A,0,1294,0,5176,Contents/mods/ProjectHoomans/42.20/media/lua/server/PNC/World/CampResourceService/PNC_CampResourceService_Activity_Resolve.lua
M,4937,186,19749,745,Contents/mods/ProjectHoomans/42.20/media/lua/server/PNC/World/CampResourceService/PNC_CampResourceService_Discovery.lua
A,0,442,0,1770,Contents/mods/ProjectHoomans/42.20/media/lua/server/PNC/World/CampResourceService/PNC_CampResourceService_Discovery_Api.lua
A,0,2777,0,11108,Contents/mods/ProjectHoomans/42.20/media/lua/server/PNC/World/CampResourceService/PNC_CampResourceService_Discovery_Capture.lua
A,0,1662,0,6648,Contents/mods/ProjectHoomans/42.20/media/lua/server/PNC/World/CampResourceService/PNC_CampResourceService_Discovery_Core.lua
A,0,590,0,2361,Contents/mods/ProjectHoomans/42.20/media/lua/server/PNC/World/CampResourceService/PNC_CampResourceService_Discovery_Providers.lua
M,8555,194,34222,776,Contents/mods/ProjectHoomans/42.20/media/lua/server/PNC/World/PNC_AmbientVisitService.lua
A,0,3557,0,14231,Contents/mods/ProjectHoomans/42.20/media/lua/server/PNC/World/PNC_AmbientVisitService_Core.lua
A,0,717,0,2871,Contents/mods/ProjectHoomans/42.20/media/lua/server/PNC/World/PNC_AmbientVisitService_Eligibility.lua
A,0,932,0,3728,Contents/mods/ProjectHoomans/42.20/media/lua/server/PNC/World/PNC_AmbientVisitService_Invitation.lua
A,0,1745,0,6982,Contents/mods/ProjectHoomans/42.20/media/lua/server/PNC/World/PNC_AmbientVisitService_Lease.lua
A,0,965,0,3860,Contents/mods/ProjectHoomans/42.20/media/lua/server/PNC/World/PNC_AmbientVisitService_Lifecycle.lua
A,0,766,0,3065,Contents/mods/ProjectHoomans/42.20/media/lua/server/PNC/World/PNC_AmbientVisitService_MobileShelter.lua
A,0,1055,0,4221,Contents/mods/ProjectHoomans/42.20/media/lua/server/PNC/World/PNC_AmbientVisitService_MobileSites.lua
M,6294,128,25176,514,Contents/mods/ProjectHoomans/42.20/media/lua/server/PNC/World/PNC_CampMovementCoordinator.lua
A,0,3296,0,13184,Contents/mods/ProjectHoomans/42.20/media/lua/server/PNC/World/PNC_CampMovementCoordinator_Core.lua
A,0,1419,0,5678,Contents/mods/ProjectHoomans/42.20/media/lua/server/PNC/World/PNC_CampMovementCoordinator_Pump.lua
A,0,1155,0,4622,Contents/mods/ProjectHoomans/42.20/media/lua/server/PNC/World/PNC_CampMovementCoordinator_Sessions.lua
A,0,1121,0,4485,Contents/mods/ProjectHoomans/42.20/media/lua/server/PNC/World/PNC_CampMovementCoordinator_Start.lua
M,6566,156,26266,625,Contents/mods/ProjectHoomans/42.20/media/lua/server/PNC/World/PNC_CampZoneService.lua
A,0,1431,0,5724,Contents/mods/ProjectHoomans/42.20/media/lua/server/PNC/World/PNC_CampZoneService_Assignment.lua
A,0,1982,0,7928,Contents/mods/ProjectHoomans/42.20/media/lua/server/PNC/World/PNC_CampZoneService_Core.lua
A,0,2464,0,9857,Contents/mods/ProjectHoomans/42.20/media/lua/server/PNC/World/PNC_CampZoneService_Discovery.lua
A,0,1419,0,5678,Contents/mods/ProjectHoomans/42.20/media/lua/server/PNC/World/PNC_CampZoneService_Runtime.lua
M,6711,98,26845,393,Contents/mods/ProjectHoomans/42.20/media/lua/server/PNC/World/PNC_WaterContainerService.lua
A,0,777,0,3110,Contents/mods/ProjectHoomans/42.20/media/lua/server/PNC/World/PNC_WaterContainerService_Admission.lua
A,0,3686,0,14747,Contents/mods/ProjectHoomans/42.20/media/lua/server/PNC/World/PNC_WaterContainerService_Core.lua
A,0,3012,0,12051,Contents/mods/ProjectHoomans/42.20/media/lua/server/PNC/World/PNC_WaterContainerService_Refill.lua
M,4289,131,17157,525,Contents/mods/ProjectHoomans/42.20/media/lua/server/PNC/WorldDiscovery/PNC_WorldDiscovery_Actions.lua
A,0,1986,0,7944,Contents/mods/ProjectHoomans/42.20/media/lua/server/PNC/WorldDiscovery/PNC_WorldDiscovery_Actions_Contacts.lua
A,0,1775,0,7102,Contents/mods/ProjectHoomans/42.20/media/lua/server/PNC/WorldDiscovery/PNC_WorldDiscovery_Actions_Radio.lua
A,0,725,0,2902,Contents/mods/ProjectHoomans/42.20/media/lua/server/PNC/WorldDiscovery/PNC_WorldDiscovery_Actions_RadioHelpers.lua
M,4538,259,18152,1037,Contents/mods/ProjectHoomans/42.20/media/lua/server/PNC/WorldDiscovery/WorldDiscoveryRadioBroadcasts/PNC_WorldDiscoveryRadioBroadcasts_Context.lua
A,0,2605,0,10423,Contents/mods/ProjectHoomans/42.20/media/lua/server/PNC/WorldDiscovery/WorldDiscoveryRadioBroadcasts/PNC_WorldDiscoveryRadioBroadcasts_Context_Helpers.lua
A,0,680,0,2722,Contents/mods/ProjectHoomans/42.20/media/lua/server/PNC/WorldDiscovery/WorldDiscoveryRadioBroadcasts/PNC_WorldDiscoveryRadioBroadcasts_Context_Persistence.lua
A,0,1502,0,6010,Contents/mods/ProjectHoomans/42.20/media/lua/server/PNC/WorldDiscovery/WorldDiscoveryRadioBroadcasts/PNC_WorldDiscoveryRadioBroadcasts_Context_Template.lua
M,2892,95,11570,381,Contents/mods/ProjectHoomans/42.20/media/lua/shared/PNC/Composition/PNC_SharedComposition.lua
A,0,494,0,1979,Contents/mods/ProjectHoomans/42.20/media/lua/shared/PNC/Composition/PNC_SharedComposition_CombatRuntime.lua
A,0,281,0,1126,Contents/mods/ProjectHoomans/42.20/media/lua/shared/PNC/Composition/PNC_SharedComposition_Final.lua
A,0,831,0,3327,Contents/mods/ProjectHoomans/42.20/media/lua/shared/PNC/Composition/PNC_SharedComposition_Foundation.lua
A,0,814,0,3257,Contents/mods/ProjectHoomans/42.20/media/lua/shared/PNC/Composition/PNC_SharedComposition_IdentitySocial.lua
A,0,515,0,2062,Contents/mods/ProjectHoomans/42.20/media/lua/shared/PNC/Composition/PNC_SharedComposition_InventoryWorld.lua
M,2405,814,9620,3259,Contents/mods/ProjectHoomans/42.20/media/lua/shared/PNC/Conversation/Blocks/PNC_ConversationTextLoader.lua
A,0,1364,0,5459,Contents/mods/ProjectHoomans/42.20/media/lua/shared/PNC/Conversation/Blocks/PNC_ConversationTextLoader_Decode.lua
A,0,477,0,1909,Contents/mods/ProjectHoomans/42.20/media/lua/shared/PNC/Conversation/Blocks/PNC_ConversationTextLoader_Source.lua
M,4782,154,19129,616,Contents/mods/ProjectHoomans/42.20/media/lua/shared/PNC/Conversation/PNC_ConversationScene/PNC_ConversationScene_Lease.lua
A,0,1061,0,4244,Contents/mods/ProjectHoomans/42.20/media/lua/shared/PNC/Conversation/PNC_ConversationScene/PNC_ConversationScene_Lease_Begin.lua
A,0,1281,0,5124,Contents/mods/ProjectHoomans/42.20/media/lua/shared/PNC/Conversation/PNC_ConversationScene/PNC_ConversationScene_Lease_Core.lua
A,0,1250,0,5001,Contents/mods/ProjectHoomans/42.20/media/lua/shared/PNC/Conversation/PNC_ConversationScene/PNC_ConversationScene_Lease_End.lua
A,0,1767,0,7070,Contents/mods/ProjectHoomans/42.20/media/lua/shared/PNC/Conversation/PNC_ConversationScene/PNC_ConversationScene_Lease_LLM.lua
M,247,1337,988,5350,Contents/mods/ProjectHoomans/42.20/media/lua/shared/PNC/Core/Behaviors/BehaviorCompanion/PNC_BehaviorCompanion.lua
A,0,1199,0,4796,Contents/mods/ProjectHoomans/42.20/media/lua/shared/PNC/Core/Behaviors/BehaviorCompanion/PNC_BehaviorCompanion_AbstractFollowOwner.lua
A,0,672,0,2691,Contents/mods/ProjectHoomans/42.20/media/lua/shared/PNC/Core/Behaviors/BehaviorCompanion/PNC_BehaviorCompanion_AbstractFollowOwner_MovementAudit.lua
A,0,107,0,431,Contents/mods/ProjectHoomans/42.20/media/lua/shared/PNC/Core/Behaviors/BehaviorCompanion/PNC_BehaviorCompanion_AbstractFollowOwner_MovementHandoff.lua
A,0,679,0,2716,Contents/mods/ProjectHoomans/42.20/media/lua/shared/PNC/Core/Behaviors/BehaviorCompanion/PNC_BehaviorCompanion_AbstractFollowOwner_MovementHandoff_Advance.lua
A,0,678,0,2712,Contents/mods/ProjectHoomans/42.20/media/lua/shared/PNC/Core/Behaviors/BehaviorCompanion/PNC_BehaviorCompanion_AbstractFollowOwner_MovementSpeed.lua
A,0,918,0,3673,Contents/mods/ProjectHoomans/42.20/media/lua/shared/PNC/Core/Behaviors/BehaviorCompanion/PNC_BehaviorCompanion_AbstractFollowOwner_Resolution.lua
A,0,194,0,777,Contents/mods/ProjectHoomans/42.20/media/lua/shared/PNC/Core/Behaviors/BehaviorCompanion/PNC_BehaviorCompanion_FollowHazardSteering.lua
A,0,808,0,3235,Contents/mods/ProjectHoomans/42.20/media/lua/shared/PNC/Core/Behaviors/BehaviorCompanion/PNC_BehaviorCompanion_FollowHazardSteering_CandidatePlanner.lua
A,0,491,0,1966,Contents/mods/ProjectHoomans/42.20/media/lua/shared/PNC/Core/Behaviors/BehaviorCompanion/PNC_BehaviorCompanion_FollowHazardSteering_TargetResolver.lua
M,2733,1946,10932,7785,Contents/mods/ProjectHoomans/42.20/media/lua/shared/PNC/Core/Behaviors/BehaviorCompanion/PNC_BehaviorCompanion_FollowHazards.lua
M,6218,293,24875,1175,Contents/mods/ProjectHoomans/42.20/media/lua/shared/PNC/Core/Behaviors/BehaviorCompanion/PNC_BehaviorCompanion_FollowOwner.lua
A,0,747,0,2989,Contents/mods/ProjectHoomans/42.20/media/lua/shared/PNC/Core/Behaviors/BehaviorCompanion/PNC_BehaviorCompanion_FollowOwner_CombatHandoff.lua
A,0,701,0,2805,Contents/mods/ProjectHoomans/42.20/media/lua/shared/PNC/Core/Behaviors/BehaviorCompanion/PNC_BehaviorCompanion_FollowOwner_CombatHorde.lua
A,0,333,0,1332,Contents/mods/ProjectHoomans/42.20/media/lua/shared/PNC/Core/Behaviors/BehaviorCompanion/PNC_BehaviorCompanion_FollowOwner_CombatLeash.lua
A,0,505,0,2022,Contents/mods/ProjectHoomans/42.20/media/lua/shared/PNC/Core/Behaviors/BehaviorCompanion/PNC_BehaviorCompanion_FollowOwner_CombatRetreat.lua
A,0,401,0,1606,Contents/mods/ProjectHoomans/42.20/media/lua/shared/PNC/Core/Behaviors/BehaviorCompanion/PNC_BehaviorCompanion_FollowOwner_MovementHandoff.lua
A,0,818,0,3272,Contents/mods/ProjectHoomans/42.20/media/lua/shared/PNC/Core/Behaviors/BehaviorCompanion/PNC_BehaviorCompanion_FollowOwner_MovementPlan.lua
A,0,554,0,2216,Contents/mods/ProjectHoomans/42.20/media/lua/shared/PNC/Core/Behaviors/BehaviorCompanion/PNC_BehaviorCompanion_FollowOwner_StateHandoff.lua
A,0,898,0,3594,Contents/mods/ProjectHoomans/42.20/media/lua/shared/PNC/Core/Behaviors/BehaviorCompanion/PNC_BehaviorCompanion_FollowOwner_Tick.lua
A,0,422,0,1689,Contents/mods/ProjectHoomans/42.20/media/lua/shared/PNC/Core/Behaviors/BehaviorCompanion/PNC_BehaviorCompanion_FollowOwner_VehicleHandoff.lua
M,4317,2575,17269,10300,Contents/mods/ProjectHoomans/42.20/media/lua/shared/PNC/Core/Behaviors/PNC_BehaviorSystem.lua
A,0,675,0,2701,Contents/mods/ProjectHoomans/42.20/media/lua/shared/PNC/Core/Behaviors/PNC_BehaviorSystem_Tick.lua
A,0,381,0,1525,Contents/mods/ProjectHoomans/42.20/media/lua/shared/PNC/Core/Behaviors/PNC_BehaviorSystem_Tick_Dispatch.lua
A,0,493,0,1975,Contents/mods/ProjectHoomans/42.20/media/lua/shared/PNC/Core/Behaviors/PNC_BehaviorSystem_Tick_Ownership.lua
A,0,618,0,2475,Contents/mods/ProjectHoomans/42.20/media/lua/shared/PNC/Core/Behaviors/PNC_BehaviorSystem_Tick_Preflight.lua
M,4398,2060,17592,8243,Contents/mods/ProjectHoomans/42.20/media/lua/shared/PNC/Core/Behaviors/PNC_Behavior_Common.lua
A,0,905,0,3620,Contents/mods/ProjectHoomans/42.20/media/lua/shared/PNC/Core/Behaviors/PNC_Behavior_Common_MoveRecord.lua
A,0,382,0,1530,Contents/mods/ProjectHoomans/42.20/media/lua/shared/PNC/Core/Behaviors/PNC_Behavior_Common_MoveRecord_SeatingAudit.lua
A,0,449,0,1798,Contents/mods/ProjectHoomans/42.20/media/lua/shared/PNC/Core/Behaviors/PNC_Behavior_Common_MovementDispatch.lua
A,0,569,0,2277,Contents/mods/ProjectHoomans/42.20/media/lua/shared/PNC/Core/Behaviors/PNC_Behavior_Common_MovementHalt.lua
A,0,1172,0,4688,Contents/mods/ProjectHoomans/42.20/media/lua/shared/PNC/Core/Behaviors/PNC_Behavior_Common_MovementRouting.lua
A,0,542,0,2171,Contents/mods/ProjectHoomans/42.20/media/lua/shared/PNC/Core/Behaviors/PNC_Behavior_Common_StationaryMovementHold.lua
M,5972,1023,23888,4092,Contents/mods/ProjectHoomans/42.20/media/lua/shared/PNC/Core/Behaviors/PNC_Behavior_Roaming.lua
A,0,627,0,2510,Contents/mods/ProjectHoomans/42.20/media/lua/shared/PNC/Core/Behaviors/PNC_Behavior_Roaming_AreaMode.lua
A,0,871,0,3486,Contents/mods/ProjectHoomans/42.20/media/lua/shared/PNC/Core/Behaviors/PNC_Behavior_Roaming_AreaMovement.lua
A,0,1313,0,5254,Contents/mods/ProjectHoomans/42.20/media/lua/shared/PNC/Core/Behaviors/PNC_Behavior_Roaming_Context.lua
A,0,615,0,2461,Contents/mods/ProjectHoomans/42.20/media/lua/shared/PNC/Core/Behaviors/PNC_Behavior_Roaming_Order.lua
A,0,1220,0,4881,Contents/mods/ProjectHoomans/42.20/media/lua/shared/PNC/Core/Behaviors/PNC_Behavior_Roaming_PlayerMode.lua
A,0,1027,0,4111,Contents/mods/ProjectHoomans/42.20/media/lua/shared/PNC/Core/Behaviors/PNC_Behavior_Roaming_RoadMode.lua
A,0,697,0,2788,Contents/mods/ProjectHoomans/42.20/media/lua/shared/PNC/Core/Behaviors/PNC_Behavior_Roaming_ShelterMode.lua
M,3257,1971,13030,7887,Contents/mods/ProjectHoomans/42.20/media/lua/shared/PNC/Core/Behaviors/PNC_Behavior_Targeting.lua
A,0,185,0,741,Contents/mods/ProjectHoomans/42.20/media/lua/shared/PNC/Core/Behaviors/PNC_Behavior_Targeting_UpdateTargetFromWorld.lua
A,0,1326,0,5306,Contents/mods/ProjectHoomans/42.20/media/lua/shared/PNC/Core/Behaviors/PNC_Behavior_Targeting_WorldTargetResolver.lua
M,3166,2324,12664,9296,Contents/mods/ProjectHoomans/42.20/media/lua/shared/PNC/Core/Behaviors/PNC_Behavior_Treatment.lua
A,0,1173,0,4695,Contents/mods/ProjectHoomans/42.20/media/lua/shared/PNC/Core/Behaviors/PNC_Behavior_Treatment_Tick.lua
M,1239,383,4958,1533,Contents/mods/ProjectHoomans/42.20/media/lua/shared/PNC/Core/Behaviors/ThreatGuard/PNC_BehaviorThreatGuard_Lifecycle.lua
A,0,456,0,1825,Contents/mods/ProjectHoomans/42.20/media/lua/shared/PNC/Core/Behaviors/ThreatGuard/PNC_BehaviorThreatGuard_Tick.lua
A,0,737,0,2948,Contents/mods/ProjectHoomans/42.20/media/lua/shared/PNC/Core/Behaviors/ThreatGuard/PNC_BehaviorThreatGuard_TickActive.lua
M,4913,119,19654,476,Contents/mods/ProjectHoomans/42.20/media/lua/shared/PNC/Core/Behaviors/ThreatGuard/PNC_BehaviorThreatGuard_Transitions.lua
A,0,1638,0,6555,Contents/mods/ProjectHoomans/42.20/media/lua/shared/PNC/Core/Behaviors/ThreatGuard/PNC_BehaviorThreatGuard_Transitions_Combat.lua
A,0,1795,0,7181,Contents/mods/ProjectHoomans/42.20/media/lua/shared/PNC/Core/Behaviors/ThreatGuard/PNC_BehaviorThreatGuard_Transitions_Scenes.lua
A,0,1836,0,7345,Contents/mods/ProjectHoomans/42.20/media/lua/shared/PNC/Core/Behaviors/ThreatGuard/PNC_BehaviorThreatGuard_Transitions_Targets.lua
A,0,2304,0,9219,Contents/mods/ProjectHoomans/42.20/media/lua/shared/PNC/Core/Combat/CombatEngagement/PNC_Combat_Engagement_Core.lua
A,0,1910,0,7640,Contents/mods/ProjectHoomans/42.20/media/lua/shared/PNC/Core/Combat/CombatEngagement/PNC_Combat_Engagement_Lanes.lua
A,0,1311,0,5246,Contents/mods/ProjectHoomans/42.20/media/lua/shared/PNC/Core/Combat/CombatEngagement/PNC_Combat_Engagement_Tick.lua
M,4879,121,19517,485,Contents/mods/ProjectHoomans/42.20/media/lua/shared/PNC/Core/Combat/PNC_Combat_Engagement.lua
M,5735,139,22940,557,Contents/mods/ProjectHoomans/42.20/media/lua/shared/PNC/Core/Commands/PNC_CompanionCommandFlavorDefinitions.lua
A,0,3322,0,13290,Contents/mods/ProjectHoomans/42.20/media/lua/shared/PNC/Core/Commands/PNC_CompanionCommandFlavorDefinitions_Base.lua
A,0,800,0,3202,Contents/mods/ProjectHoomans/42.20/media/lua/shared/PNC/Core/Commands/PNC_CompanionCommandFlavorDefinitions_Core.lua
A,0,530,0,2120,Contents/mods/ProjectHoomans/42.20/media/lua/shared/PNC/Core/Commands/PNC_CompanionCommandFlavorDefinitions_TypedA.lua
A,0,1414,0,5656,Contents/mods/ProjectHoomans/42.20/media/lua/shared/PNC/Core/Commands/PNC_CompanionCommandFlavorDefinitions_TypedB.lua
M,10433,289,41735,1156,Contents/mods/ProjectHoomans/42.20/media/lua/shared/PNC/Core/Commands/PNC_CompanionCommandRegistry.lua
A,0,2663,0,10653,Contents/mods/ProjectHoomans/42.20/media/lua/shared/PNC/Core/Commands/PNC_CompanionCommandRegistry_Application.lua
A,0,1598,0,6393,Contents/mods/ProjectHoomans/42.20/media/lua/shared/PNC/Core/Commands/PNC_CompanionCommandRegistry_Authority.lua
A,0,880,0,3522,Contents/mods/ProjectHoomans/42.20/media/lua/shared/PNC/Core/Commands/PNC_CompanionCommandRegistry_Execution.lua
A,0,645,0,2581,Contents/mods/ProjectHoomans/42.20/media/lua/shared/PNC/Core/Commands/PNC_CompanionCommandRegistry_GroupCamp.lua
A,0,1977,0,7908,Contents/mods/ProjectHoomans/42.20/media/lua/shared/PNC/Core/Commands/PNC_CompanionCommandRegistry_GroupCampApplication.lua
A,0,1304,0,5219,Contents/mods/ProjectHoomans/42.20/media/lua/shared/PNC/Core/Commands/PNC_CompanionCommandRegistry_GroupCampDetails.lua
A,0,1076,0,4307,Contents/mods/ProjectHoomans/42.20/media/lua/shared/PNC/Core/Commands/PNC_CompanionCommandRegistry_GroupCampRecipients.lua
A,0,1122,0,4491,Contents/mods/ProjectHoomans/42.20/media/lua/shared/PNC/Core/Commands/PNC_CompanionCommandRegistry_Registry.lua
M,12746,3313,50984,13252,Contents/mods/ProjectHoomans/42.20/media/lua/shared/PNC/Core/Diagnostics/PNC_PerformanceScalingDiagnostics.lua
A,0,712,0,2848,Contents/mods/ProjectHoomans/42.20/media/lua/shared/PNC/Core/Diagnostics/PNC_PerformanceScalingDiagnostics_AuditBuild.lua
A,0,1391,0,5565,Contents/mods/ProjectHoomans/42.20/media/lua/shared/PNC/Core/Diagnostics/PNC_PerformanceScalingDiagnostics_AuditChannels.lua
A,0,107,0,430,Contents/mods/ProjectHoomans/42.20/media/lua/shared/PNC/Core/Diagnostics/PNC_PerformanceScalingDiagnostics_AuditLogging.lua
A,0,2177,0,8709,Contents/mods/ProjectHoomans/42.20/media/lua/shared/PNC/Core/Diagnostics/PNC_PerformanceScalingDiagnostics_AuditState.lua
A,0,3358,0,13434,Contents/mods/ProjectHoomans/42.20/media/lua/shared/PNC/Core/Diagnostics/PNC_PerformanceScalingDiagnostics_Runtime.lua
A,0,2232,0,8928,Contents/mods/ProjectHoomans/42.20/media/lua/shared/PNC/Core/Diagnostics/PNC_PerformanceScalingDiagnostics_Settings.lua
M,381,424,1525,1696,Contents/mods/ProjectHoomans/42.20/media/lua/shared/PNC/Core/Facilities/FacilityJobsBehavior/PNC_FacilityJobsBehavior.lua
A,0,2550,0,10202,Contents/mods/ProjectHoomans/42.20/media/lua/shared/PNC/Core/Facilities/FacilityJobsBehavior/PNC_FacilityJobsBehavior_Arrival.lua
M,5003,133,20015,535,Contents/mods/ProjectHoomans/42.20/media/lua/shared/PNC/Core/Facilities/FacilityJobsBehavior/PNC_FacilityJobsBehavior_Lifecycle.lua
A,0,1935,0,7740,Contents/mods/ProjectHoomans/42.20/media/lua/shared/PNC/Core/Facilities/FacilityJobsBehavior/PNC_FacilityJobsBehavior_Lifecycle_Finish.lua
A,0,3052,0,12209,Contents/mods/ProjectHoomans/42.20/media/lua/shared/PNC/Core/Facilities/FacilityJobsBehavior/PNC_FacilityJobsBehavior_Lifecycle_SleepWake.lua
A,0,2167,0,8669,Contents/mods/ProjectHoomans/42.20/media/lua/shared/PNC/Core/Facilities/FacilityJobsBehavior/PNC_FacilityJobsBehavior_SceneStart.lua
M,4189,138,16757,553,Contents/mods/ProjectHoomans/42.20/media/lua/shared/PNC/Core/Facilities/FacilityJobsBehavior/PNC_FacilityJobsBehavior_Surfaces.lua
A,0,833,0,3332,Contents/mods/ProjectHoomans/42.20/media/lua/shared/PNC/Core/Facilities/FacilityJobsBehavior/PNC_FacilityJobsBehavior_Surfaces_Helpers.lua
A,0,1922,0,7688,Contents/mods/ProjectHoomans/42.20/media/lua/shared/PNC/Core/Facilities/FacilityJobsBehavior/PNC_FacilityJobsBehavior_Surfaces_Seats.lua
A,0,1603,0,6414,Contents/mods/ProjectHoomans/42.20/media/lua/shared/PNC/Core/Facilities/FacilityJobsBehavior/PNC_FacilityJobsBehavior_Surfaces_Sleep.lua
M,6552,2030,26211,8121,Contents/mods/ProjectHoomans/42.20/media/lua/shared/PNC/Core/Facilities/FacilityJobsBehavior/PNC_FacilityJobsBehavior_Tick.lua
M,4059,2724,16238,10896,Contents/mods/ProjectHoomans/42.20/media/lua/shared/PNC/Core/Factions/PNC_FactionTypes/Base.lua
A,0,1609,0,6436,Contents/mods/ProjectHoomans/42.20/media/lua/shared/PNC/Core/Factions/PNC_FactionTypes/Mobile.lua
M,1395,1392,5583,5571,Contents/mods/ProjectHoomans/42.20/media/lua/shared/PNC/Core/Inventory/PNC_Inventory/Persistence/PNC_Inventory_CorePhysicalAdapter.lua
M,317,549,1269,2196,Contents/mods/ProjectHoomans/42.20/media/lua/shared/PNC/Core/Networking/NetworkSnapshots/PNC_NetworkSnapshots.lua
M,1474,1080,5899,4320,Contents/mods/ProjectHoomans/42.20/media/lua/shared/PNC/Core/Networking/NetworkSnapshots/PNC_NetworkSnapshots_CombatDebugObservations.lua
M,2586,308,10346,1233,Contents/mods/ProjectHoomans/42.20/media/lua/shared/PNC/Core/Networking/NetworkSnapshots/PNC_NetworkSnapshots_CombatDebugState.lua
A,0,912,0,3651,Contents/mods/ProjectHoomans/42.20/media/lua/shared/PNC/Core/Networking/NetworkSnapshots/PNC_NetworkSnapshots_CombatDebugState_AttackPayload.lua
A,0,528,0,2112,Contents/mods/ProjectHoomans/42.20/media/lua/shared/PNC/Core/Networking/NetworkSnapshots/PNC_NetworkSnapshots_CombatDebugState_Context.lua
A,0,236,0,946,Contents/mods/ProjectHoomans/42.20/media/lua/shared/PNC/Core/Networking/NetworkSnapshots/PNC_NetworkSnapshots_CombatDebugState_Payload.lua
A,0,901,0,3607,Contents/mods/ProjectHoomans/42.20/media/lua/shared/PNC/Core/Networking/NetworkSnapshots/PNC_NetworkSnapshots_CombatDebugState_TacticalPayload.lua
A,0,845,0,3383,Contents/mods/ProjectHoomans/42.20/media/lua/shared/PNC/Core/Networking/NetworkSnapshots/PNC_NetworkSnapshots_CombatDebugState_Temporal.lua
A,0,548,0,2193,Contents/mods/ProjectHoomans/42.20/media/lua/shared/PNC/Core/Networking/NetworkSnapshots/PNC_NetworkSnapshots_CombatDebugTargetResolver.lua
M,6315,129,25263,516,Contents/mods/ProjectHoomans/42.20/media/lua/shared/PNC/Core/Networking/NetworkSnapshots/PNC_NetworkSnapshots_DetailedDebugState.lua
A,0,1150,0,4602,Contents/mods/ProjectHoomans/42.20/media/lua/shared/PNC/Core/Networking/NetworkSnapshots/PNC_NetworkSnapshots_DetailedDebugState_Camp.lua
A,0,2685,0,10743,Contents/mods/ProjectHoomans/42.20/media/lua/shared/PNC/Core/Networking/NetworkSnapshots/PNC_NetworkSnapshots_DetailedDebugState_Core.lua
A,0,1474,0,5898,Contents/mods/ProjectHoomans/42.20/media/lua/shared/PNC/Core/Networking/NetworkSnapshots/PNC_NetworkSnapshots_DetailedDebugState_Detailed.lua
A,0,1392,0,5571,Contents/mods/ProjectHoomans/42.20/media/lua/shared/PNC/Core/Networking/NetworkSnapshots/PNC_NetworkSnapshots_DetailedDebugState_Seating.lua
M,3043,734,12175,2937,Contents/mods/ProjectHoomans/42.20/media/lua/shared/PNC/Core/Networking/NetworkSnapshots/PNC_NetworkSnapshots_DetailedPayloads.lua
A,0,1589,0,6357,Contents/mods/ProjectHoomans/42.20/media/lua/shared/PNC/Core/Networking/NetworkSnapshots/PNC_NetworkSnapshots_DetailedPayloads_Build.lua
A,0,878,0,3512,Contents/mods/ProjectHoomans/42.20/media/lua/shared/PNC/Core/Networking/NetworkSnapshots/PNC_NetworkSnapshots_DetailedPayloads_Identity.lua
A,0,717,0,2869,Contents/mods/ProjectHoomans/42.20/media/lua/shared/PNC/Core/Networking/NetworkSnapshots/PNC_NetworkSnapshots_DetailedPayloads_PresentationProjection.lua
A,0,852,0,3411,Contents/mods/ProjectHoomans/42.20/media/lua/shared/PNC/Core/Networking/NetworkSnapshots/PNC_NetworkSnapshots_DetailedPayloads_State.lua
M,2090,665,8362,2661,Contents/mods/ProjectHoomans/42.20/media/lua/shared/PNC/Core/Networking/NetworkSnapshots/PNC_NetworkSnapshots_PresencePayload.lua
A,0,1427,0,5708,Contents/mods/ProjectHoomans/42.20/media/lua/shared/PNC/Core/Networking/NetworkSnapshots/PNC_NetworkSnapshots_PresencePayload_Build.lua
A,0,813,0,3255,Contents/mods/ProjectHoomans/42.20/media/lua/shared/PNC/Core/Networking/NetworkSnapshots/PNC_NetworkSnapshots_PresencePayload_CombatDebug.lua
M,2242,370,8969,1483,Contents/mods/ProjectHoomans/42.20/media/lua/shared/PNC/Core/Networking/NetworkSnapshots/PNC_NetworkSnapshots_VisualState.lua
A,0,1080,0,4321,Contents/mods/ProjectHoomans/42.20/media/lua/shared/PNC/Core/Networking/NetworkSnapshots/PNC_NetworkSnapshots_VisualState_Context.lua
A,0,941,0,3765,Contents/mods/ProjectHoomans/42.20/media/lua/shared/PNC/Core/Networking/NetworkSnapshots/PNC_NetworkSnapshots_VisualState_MotionContext.lua
A,0,1381,0,5527,Contents/mods/ProjectHoomans/42.20/media/lua/shared/PNC/Core/Networking/NetworkSnapshots/PNC_NetworkSnapshots_VisualState_Payload.lua
M,5864,132,23456,530,Contents/mods/ProjectHoomans/42.20/media/lua/shared/PNC/Core/Networking/PNC_Network_Server/PNC_Network_Server_Budget.lua
A,0,2337,0,9349,Contents/mods/ProjectHoomans/42.20/media/lua/shared/PNC/Core/Networking/PNC_Network_Server/PNC_Network_Server_Budget_Chunking.lua
A,0,3362,0,13449,Contents/mods/ProjectHoomans/42.20/media/lua/shared/PNC/Core/Networking/PNC_Network_Server/PNC_Network_Server_Budget_Core.lua
A,0,519,0,2078,Contents/mods/ProjectHoomans/42.20/media/lua/shared/PNC/Core/Networking/PNC_Network_Server/PNC_Network_Server_Budget_Guard.lua
M,6706,114,26825,456,Contents/mods/ProjectHoomans/42.20/media/lua/shared/PNC/Core/Orders/PNC_OrderSystem.lua
A,0,1299,0,5197,Contents/mods/ProjectHoomans/42.20/media/lua/shared/PNC/Core/Orders/PNC_OrderSystem_Actions.lua
A,0,1893,0,7575,Contents/mods/ProjectHoomans/42.20/media/lua/shared/PNC/Core/Orders/PNC_OrderSystem_Base.lua
A,0,1805,0,7221,Contents/mods/ProjectHoomans/42.20/media/lua/shared/PNC/Core/Orders/PNC_OrderSystem_Recovery.lua
A,0,2064,0,8258,Contents/mods/ProjectHoomans/42.20/media/lua/shared/PNC/Core/Orders/PNC_OrderSystem_Transition.lua
A,0,1156,0,4627,Contents/mods/ProjectHoomans/42.20/media/lua/shared/PNC/Core/Pathing/PNC_LiveBodyControl/PNC_LiveBodyControl_HeavyItems.lua
M,9532,702,38131,2808,Contents/mods/ProjectHoomans/42.20/media/lua/shared/PNC/Core/Pathing/PNC_LiveBodyControl/PNC_LiveBodyControl_State.lua
A,0,1303,0,5213,Contents/mods/ProjectHoomans/42.20/media/lua/shared/PNC/Core/Pathing/PNC_LiveBodyControl/PNC_LiveBodyControl_State_Core.lua
A,0,1223,0,4893,Contents/mods/ProjectHoomans/42.20/media/lua/shared/PNC/Core/Pathing/PNC_LiveBodyControl/PNC_LiveBodyControl_State_Passage_Guard.lua
A,0,1881,0,7526,Contents/mods/ProjectHoomans/42.20/media/lua/shared/PNC/Core/Pathing/PNC_LiveBodyControl/PNC_LiveBodyControl_State_Passage_Probe.lua
A,0,1642,0,6570,Contents/mods/ProjectHoomans/42.20/media/lua/shared/PNC/Core/Pathing/PNC_LiveBodyControl/PNC_LiveBodyControl_State_Passage_Recovery.lua
A,0,2048,0,8194,Contents/mods/ProjectHoomans/42.20/media/lua/shared/PNC/Core/Pathing/PNC_LiveBodyControl/PNC_LiveBodyControl_State_Presentation.lua
M,10740,1715,42963,6861,Contents/mods/ProjectHoomans/42.20/media/lua/shared/PNC/Core/Presence/PNC_BodyLifecycle/PNC_BodyLifecycle_CorpseAwareness.lua
A,0,1252,0,5009,Contents/mods/ProjectHoomans/42.20/media/lua/shared/PNC/Core/Presence/PNC_BodyLifecycle/PNC_BodyLifecycle_CorpseAwareness_Candidates.lua
A,0,1489,0,5959,Contents/mods/ProjectHoomans/42.20/media/lua/shared/PNC/Core/Presence/PNC_BodyLifecycle/PNC_BodyLifecycle_CorpseAwareness_Identity_Corpse.lua
A,0,1654,0,6619,Contents/mods/ProjectHoomans/42.20/media/lua/shared/PNC/Core/Presence/PNC_BodyLifecycle/PNC_BodyLifecycle_CorpseAwareness_Identity_Death.lua
A,0,1540,0,6163,Contents/mods/ProjectHoomans/42.20/media/lua/shared/PNC/Core/Presence/PNC_BodyLifecycle/PNC_BodyLifecycle_CorpseAwareness_ObserveCorpse.lua
A,0,848,0,3394,Contents/mods/ProjectHoomans/42.20/media/lua/shared/PNC/Core/Presence/PNC_BodyLifecycle/PNC_BodyLifecycle_CorpseAwareness_ObserveDeath.lua
A,0,1585,0,6340,Contents/mods/ProjectHoomans/42.20/media/lua/shared/PNC/Core/Presence/PNC_BodyLifecycle/PNC_BodyLifecycle_CorpseAwareness_Reactions.lua
A,0,2123,0,8494,Contents/mods/ProjectHoomans/42.20/media/lua/shared/PNC/Core/Presence/PNC_BodyLifecycle/PNC_BodyLifecycle_CorpseAwareness_Relationship.lua
A,0,1173,0,4694,Contents/mods/ProjectHoomans/42.20/media/lua/shared/PNC/Core/Presence/PNC_BodyLifecycle/PNC_BodyLifecycle_CorpseAwareness_Witnesses.lua
M,5035,103,20142,413,Contents/mods/ProjectHoomans/42.20/media/lua/shared/PNC/Core/Presence/PNC_BodyLifecycle/PNC_BodyLifecycle_CorpseItems.lua
A,0,1699,0,6797,Contents/mods/ProjectHoomans/42.20/media/lua/shared/PNC/Core/Presence/PNC_BodyLifecycle/PNC_BodyLifecycle_CorpseItems_Faction.lua
A,0,1085,0,4343,Contents/mods/ProjectHoomans/42.20/media/lua/shared/PNC/Core/Presence/PNC_BodyLifecycle/PNC_BodyLifecycle_CorpseItems_Identity.lua
A,0,2392,0,9571,Contents/mods/ProjectHoomans/42.20/media/lua/shared/PNC/Core/Presence/PNC_BodyLifecycle/PNC_BodyLifecycle_CorpseItems_Materialize.lua
M,8561,167,34247,669,Contents/mods/ProjectHoomans/42.20/media/lua/shared/PNC/Core/Presence/PNC_BodyLifecycle/PNC_BodyLifecycle_HuskLedger.lua
A,0,2916,0,11667,Contents/mods/ProjectHoomans/42.20/media/lua/shared/PNC/Core/Presence/PNC_BodyLifecycle/PNC_BodyLifecycle_HuskLedger_Debug.lua
A,0,1032,0,4129,Contents/mods/ProjectHoomans/42.20/media/lua/shared/PNC/Core/Presence/PNC_BodyLifecycle/PNC_BodyLifecycle_HuskLedger_Identity.lua
A,0,2221,0,8887,Contents/mods/ProjectHoomans/42.20/media/lua/shared/PNC/Core/Presence/PNC_BodyLifecycle/PNC_BodyLifecycle_HuskLedger_Match.lua
A,0,2880,0,11523,Contents/mods/ProjectHoomans/42.20/media/lua/shared/PNC/Core/Presence/PNC_BodyLifecycle/PNC_BodyLifecycle_HuskLedger_Store.lua
M,8514,2342,34059,9371,Contents/mods/ProjectHoomans/42.20/media/lua/shared/PNC/Core/PuppetOpera/PNC_PuppetOpera_Blueprints.lua
A,0,1598,0,6395,Contents/mods/ProjectHoomans/42.20/media/lua/shared/PNC/Core/PuppetOpera/PNC_PuppetOpera_Blueprints_Builtins.lua
A,0,257,0,1030,Contents/mods/ProjectHoomans/42.20/media/lua/shared/PNC/Core/PuppetOpera/PNC_PuppetOpera_Blueprints_Normalization.lua
A,0,2082,0,8331,Contents/mods/ProjectHoomans/42.20/media/lua/shared/PNC/Core/PuppetOpera/PNC_PuppetOpera_Blueprints_Normalization_Actors.lua
A,0,841,0,3364,Contents/mods/ProjectHoomans/42.20/media/lua/shared/PNC/Core/PuppetOpera/PNC_PuppetOpera_Blueprints_Normalization_Primitives.lua
A,0,2201,0,8806,Contents/mods/ProjectHoomans/42.20/media/lua/shared/PNC/Core/PuppetOpera/PNC_PuppetOpera_Blueprints_Normalization_Timeline.lua
M,4782,106,19131,424,Contents/mods/ProjectHoomans/42.20/media/lua/shared/PNC/Core/Relationships/PNC_RelationshipTypes.lua
A,0,1341,0,5364,Contents/mods/ProjectHoomans/42.20/media/lua/shared/PNC/Core/Relationships/PNC_RelationshipTypes_Core.lua
A,0,1577,0,6311,Contents/mods/ProjectHoomans/42.20/media/lua/shared/PNC/Core/Relationships/PNC_RelationshipTypes_Interactions.lua
A,0,2454,0,9816,Contents/mods/ProjectHoomans/42.20/media/lua/shared/PNC/Core/Relationships/PNC_RelationshipTypes_Public.lua
M,1574,1561,6297,6246,Contents/mods/ProjectHoomans/42.20/media/lua/shared/PNC/Core/Settlement/PNC_FacilityDefinitions/PNC_FacilityDefinitions_Workstations.lua
M,4001,228,16007,913,Contents/mods/ProjectHoomans/42.20/media/lua/shared/PNC/Core/Traits/PNC_NPCTraitDefinitions.lua
A,0,2012,0,8048,Contents/mods/ProjectHoomans/42.20/media/lua/shared/PNC/Core/Traits/PNC_NPCTraitDefinitions_Additional.lua
A,0,1898,0,7592,Contents/mods/ProjectHoomans/42.20/media/lua/shared/PNC/Core/Traits/PNC_NPCTraitDefinitions_Core.lua
M,4634,121,18538,486,Contents/mods/ProjectHoomans/42.20/media/lua/shared/PNC/Core/Visuals/PNC_AnimationSceneDefinitions.lua
A,0,1571,0,6285,Contents/mods/ProjectHoomans/42.20/media/lua/shared/PNC/Core/Visuals/PNC_AnimationSceneDefinitions_Ambient.lua
A,0,909,0,3636,Contents/mods/ProjectHoomans/42.20/media/lua/shared/PNC/Core/Visuals/PNC_AnimationSceneDefinitions_Base.lua
A,0,2295,0,9180,Contents/mods/ProjectHoomans/42.20/media/lua/shared/PNC/Core/Visuals/PNC_AnimationSceneDefinitions_Facility.lua
M,4787,131,19148,527,Contents/mods/ProjectHoomans/42.20/media/lua/shared/PNC/Core/Visuals/PNC_AnimationScenes/PNC_AnimationScenes_Lifecycle.lua
A,0,998,0,3993,Contents/mods/ProjectHoomans/42.20/media/lua/shared/PNC/Core/Visuals/PNC_AnimationScenes/PNC_AnimationScenes_Lifecycle_Controls.lua
A,0,1976,0,7904,Contents/mods/ProjectHoomans/42.20/media/lua/shared/PNC/Core/Visuals/PNC_AnimationScenes/PNC_AnimationScenes_Lifecycle_Core.lua
A,0,2158,0,8635,Contents/mods/ProjectHoomans/42.20/media/lua/shared/PNC/Core/Visuals/PNC_AnimationScenes/PNC_AnimationScenes_Lifecycle_Request.lua
M,5200,155,20803,621,Contents/mods/ProjectHoomans/42.20/media/lua/shared/PNC/Core/Zombies/PNC_ZombieAggro_State.lua
A,0,634,0,2536,Contents/mods/ProjectHoomans/42.20/media/lua/shared/PNC/Core/Zombies/PNC_ZombieAggro_State_Actions.lua
A,0,635,0,2541,Contents/mods/ProjectHoomans/42.20/media/lua/shared/PNC/Core/Zombies/PNC_ZombieAggro_State_Identity.lua
A,0,1628,0,6512,Contents/mods/ProjectHoomans/42.20/media/lua/shared/PNC/Core/Zombies/PNC_ZombieAggro_State_Pursuit.lua
A,0,2389,0,9557,Contents/mods/ProjectHoomans/42.20/media/lua/shared/PNC/Core/Zombies/PNC_ZombieAggro_State_Targets.lua
M,7972,133,31891,532,Contents/mods/ProjectHoomans/42.20/media/lua/shared/PNC/Core/Zombies/PNC_ZombieAggro_Update.lua
A,0,2344,0,9379,Contents/mods/ProjectHoomans/42.20/media/lua/shared/PNC/Core/Zombies/PNC_ZombieAggro_Update_Core.lua
A,0,1115,0,4461,Contents/mods/ProjectHoomans/42.20/media/lua/shared/PNC/Core/Zombies/PNC_ZombieAggro_Update_Loop.lua
A,0,1676,0,6707,Contents/mods/ProjectHoomans/42.20/media/lua/shared/PNC/Core/Zombies/PNC_ZombieAggro_Update_Multiplayer.lua
A,0,1150,0,4602,Contents/mods/ProjectHoomans/42.20/media/lua/shared/PNC/Core/Zombies/PNC_ZombieAggro_Update_Path.lua
A,0,2023,0,8094,Contents/mods/ProjectHoomans/42.20/media/lua/shared/PNC/Core/Zombies/PNC_ZombieAggro_Update_Pursuit.lua
A,0,1019,0,4077,Contents/mods/ProjectHoomans/42.20/media/lua/shared/PNC/Core/Zombies/PNC_ZombieAggro_Update_Targets.lua
M,4517,147,18069,590,Contents/mods/ProjectHoomans/42.20/media/lua/shared/PNC/Integrations/PNC_PsychopatzProfiler/PNC_PsychopatzProfiler_Shared.lua
A,0,2144,0,8579,Contents/mods/ProjectHoomans/42.20/media/lua/shared/PNC/Integrations/PNC_PsychopatzProfiler/PNC_PsychopatzProfiler_Shared_Sampler.lua
A,0,2474,0,9899,Contents/mods/ProjectHoomans/42.20/media/lua/shared/PNC/Integrations/PNC_PsychopatzProfiler/PNC_PsychopatzProfiler_Shared_Wrappers.lua
M,6825,72,27302,291,Contents/mods/ProjectHoomans/42.20/media/lua/shared/PNC/Semantics/PNC_SemanticCognitionProjection.lua
A,0,1775,0,7101,Contents/mods/ProjectHoomans/42.20/media/lua/shared/PNC/Semantics/PNC_SemanticCognitionProjection_Client.lua
A,0,1430,0,5720,Contents/mods/ProjectHoomans/42.20/media/lua/shared/PNC/Semantics/PNC_SemanticCognitionProjection_Codec.lua
A,0,2846,0,11386,Contents/mods/ProjectHoomans/42.20/media/lua/shared/PNC/Semantics/PNC_SemanticCognitionProjection_Core.lua
A,0,1496,0,5985,Contents/mods/ProjectHoomans/42.20/media/lua/shared/PNC/Semantics/PNC_SemanticCognitionProjection_Operations.lua
M,4823,126,19294,505,Contents/mods/ProjectHoomans/42.20/media/lua/shared/PNC/Semantics/PNC_SemanticDialogueLocalResponse.lua
A,0,500,0,2000,Contents/mods/ProjectHoomans/42.20/media/lua/shared/PNC/Semantics/PNC_SemanticDialogueLocalResponse_Context.lua
A,0,1518,0,6073,Contents/mods/ProjectHoomans/42.20/media/lua/shared/PNC/Semantics/PNC_SemanticDialogueLocalResponse_Core.lua
A,0,1940,0,7762,Contents/mods/ProjectHoomans/42.20/media/lua/shared/PNC/Semantics/PNC_SemanticDialogueLocalResponse_Resolve.lua
A,0,1232,0,4931,Contents/mods/ProjectHoomans/42.20/media/lua/shared/PNC/Semantics/PNC_SemanticDialogueLocalResponse_Text.lua
M,4686,113,18744,454,Contents/mods/ProjectHoomans/42.20/media/lua/shared/PNC/Semantics/PNC_SemanticDialoguePolicy.lua
A,0,1640,0,6560,Contents/mods/ProjectHoomans/42.20/media/lua/shared/PNC/Semantics/PNC_SemanticDialoguePolicy_Classifiers.lua
A,0,1603,0,6415,Contents/mods/ProjectHoomans/42.20/media/lua/shared/PNC/Semantics/PNC_SemanticDialoguePolicy_Core.lua
A,0,953,0,3814,Contents/mods/ProjectHoomans/42.20/media/lua/shared/PNC/Semantics/PNC_SemanticDialoguePolicy_Decision.lua
A,0,1319,0,5277,Contents/mods/ProjectHoomans/42.20/media/lua/shared/PNC/Semantics/PNC_SemanticDialoguePolicy_Flow.lua
M,8753,3100,35014,12400,Contents/mods/ProjectHoomans/42.20/media/lua/shared/PNC/Semantics/PNC_SemanticDialogueResponseCatalog.lua
M,4636,138,18546,553,Contents/mods/ProjectHoomans/42.20/media/lua/shared/PNC/Semantics/PNC_SemanticDialogueSituation.lua
A,0,1188,0,4753,Contents/mods/ProjectHoomans/42.20/media/lua/shared/PNC/Semantics/PNC_SemanticDialogueSituation_Activity.lua
A,0,1597,0,6388,Contents/mods/ProjectHoomans/42.20/media/lua/shared/PNC/Semantics/PNC_SemanticDialogueSituation_Core.lua
A,0,850,0,3401,Contents/mods/ProjectHoomans/42.20/media/lua/shared/PNC/Semantics/PNC_SemanticDialogueSituation_Public.lua
A,0,1642,0,6569,Contents/mods/ProjectHoomans/42.20/media/lua/shared/PNC/Semantics/PNC_SemanticDialogueSituation_State.lua
M,9161,335,36646,1343,Contents/mods/ProjectHoomans/42.20/media/lua/shared/PNC/Semantics/PNC_SemanticGeneratedDialogue.lua
A,0,3434,0,13739,Contents/mods/ProjectHoomans/42.20/media/lua/shared/PNC/Semantics/PNC_SemanticGeneratedDialogue_Patterns_01.lua
A,0,2746,0,10986,Contents/mods/ProjectHoomans/42.20/media/lua/shared/PNC/Semantics/PNC_SemanticGeneratedDialogue_Patterns_02.lua
A,0,2796,0,11187,Contents/mods/ProjectHoomans/42.20/media/lua/shared/PNC/Semantics/PNC_SemanticGeneratedDialogue_Responses_01.lua
M,4302,85,17211,340,Contents/mods/ProjectHoomans/42.20/media/lua/shared/PNC/Semantics/PNC_SemanticSocialCatalog.lua
A,0,2397,0,9591,Contents/mods/ProjectHoomans/42.20/media/lua/shared/PNC/Semantics/PNC_SemanticSocialCatalog_Definitions.lua
A,0,2291,0,9166,Contents/mods/ProjectHoomans/42.20/media/lua/shared/PNC/Semantics/PNC_SemanticSocialCatalog_Register.lua
M,3400,1116,13600,4466,Contents/mods/ProjectHoomans/42.20/media/lua/shared/PNC/Semantics/SemanticCatalog/PNC_SemanticCatalog_QuestionPatterns.lua
A,0,2459,0,9839,Contents/mods/ProjectHoomans/42.20/media/lua/shared/PNC/Semantics/SemanticCatalog/PNC_SemanticCatalog_QuestionPatterns_ContextQuestions.lua
A,0,3077,0,12309,Contents/mods/ProjectHoomans/42.20/media/lua/shared/PNC/Semantics/SemanticDialogueResponseCatalog/PNC_SemanticDialogueResponseCatalog_Questions.lua
A,0,846,0,3385,Contents/mods/ProjectHoomans/42.20/media/lua/shared/PNC/Semantics/SemanticDialogueResponseCatalog/PNC_SemanticDialogueResponseCatalog_Situational.lua
A,0,2118,0,8474,Contents/mods/ProjectHoomans/42.20/media/lua/shared/PNC/Semantics/SemanticDialogueResponseCatalog/PNC_SemanticDialogueResponseCatalog_Social.lua
M,4489,924,17959,3699,Contents/mods/ProjectHoomans/42.20/media/lua/shared/PNC/Translation/PNC_TranslationBootstrap.lua
A,0,3634,0,14537,Contents/mods/ProjectHoomans/42.20/media/lua/shared/PNC/Translation/PNC_TranslationBootstrap_Segments.lua
M,8149,265,32598,1063,tools/generate_pnc_player_animation_debug_catalog.lua
M,960,1313,3842,5253,tools/semantic_compiler/build.py
M,7895,8737,31581,34951,tools/semantic_compiler/compiler.py
M,4040,161,16160,647,tools/semantic_harness/lua/worker/SemanticAdapters.lua
A,0,2309,0,9236,tools/semantic_harness/lua/worker/SemanticAdapters_Core.lua
A,0,362,0,1449,tools/semantic_harness/lua/worker/SemanticAdapters_Identity.lua
A,0,909,0,3638,tools/semantic_harness/lua/worker/SemanticAdapters_Knowledge.lua
A,0,830,0,3321,tools/semantic_harness/lua/worker/SemanticAdapters_Transport.lua
